-- MySQL dump 10.13  Distrib 5.6.19, for debian-linux-gnu (x86_64)
--
-- Host: localhost    Database: auctions_db
-- ------------------------------------------------------
-- Server version	5.6.19-0ubuntu0.14.04.1

/*!40101 SET @OLD_CHARACTER_SET_CLIENT=@@CHARACTER_SET_CLIENT */;
/*!40101 SET @OLD_CHARACTER_SET_RESULTS=@@CHARACTER_SET_RESULTS */;
/*!40101 SET @OLD_COLLATION_CONNECTION=@@COLLATION_CONNECTION */;
/*!40101 SET NAMES utf8 */;
/*!40103 SET @OLD_TIME_ZONE=@@TIME_ZONE */;
/*!40103 SET TIME_ZONE='+00:00' */;
/*!40014 SET @OLD_UNIQUE_CHECKS=@@UNIQUE_CHECKS, UNIQUE_CHECKS=0 */;
/*!40014 SET @OLD_FOREIGN_KEY_CHECKS=@@FOREIGN_KEY_CHECKS, FOREIGN_KEY_CHECKS=0 */;
/*!40101 SET @OLD_SQL_MODE=@@SQL_MODE, SQL_MODE='NO_AUTO_VALUE_ON_ZERO' */;
/*!40111 SET @OLD_SQL_NOTES=@@SQL_NOTES, SQL_NOTES=0 */;

--
-- Table structure for table `auth_group`
--

DROP TABLE IF EXISTS `auth_group`;
/*!40101 SET @saved_cs_client     = @@character_set_client */;
/*!40101 SET character_set_client = utf8 */;
CREATE TABLE `auth_group` (
  `id` int(11) NOT NULL AUTO_INCREMENT,
  `name` varchar(80) NOT NULL,
  PRIMARY KEY (`id`),
  UNIQUE KEY `name` (`name`)
) ENGINE=InnoDB DEFAULT CHARSET=latin1;
/*!40101 SET character_set_client = @saved_cs_client */;

--
-- Dumping data for table `auth_group`
--

LOCK TABLES `auth_group` WRITE;
/*!40000 ALTER TABLE `auth_group` DISABLE KEYS */;
/*!40000 ALTER TABLE `auth_group` ENABLE KEYS */;
UNLOCK TABLES;

--
-- Table structure for table `auth_group_permissions`
--

DROP TABLE IF EXISTS `auth_group_permissions`;
/*!40101 SET @saved_cs_client     = @@character_set_client */;
/*!40101 SET character_set_client = utf8 */;
CREATE TABLE `auth_group_permissions` (
  `id` int(11) NOT NULL AUTO_INCREMENT,
  `group_id` int(11) NOT NULL,
  `permission_id` int(11) NOT NULL,
  PRIMARY KEY (`id`),
  UNIQUE KEY `group_id` (`group_id`,`permission_id`),
  KEY `auth_group__permission_id_1f49ccbbdc69d2fc_fk_auth_permission_id` (`permission_id`),
  CONSTRAINT `auth_group_permission_group_id_689710a9a73b7457_fk_auth_group_id` FOREIGN KEY (`group_id`) REFERENCES `auth_group` (`id`),
  CONSTRAINT `auth_group__permission_id_1f49ccbbdc69d2fc_fk_auth_permission_id` FOREIGN KEY (`permission_id`) REFERENCES `auth_permission` (`id`)
) ENGINE=InnoDB DEFAULT CHARSET=latin1;
/*!40101 SET character_set_client = @saved_cs_client */;

--
-- Dumping data for table `auth_group_permissions`
--

LOCK TABLES `auth_group_permissions` WRITE;
/*!40000 ALTER TABLE `auth_group_permissions` DISABLE KEYS */;
/*!40000 ALTER TABLE `auth_group_permissions` ENABLE KEYS */;
UNLOCK TABLES;

--
-- Table structure for table `auth_permission`
--

DROP TABLE IF EXISTS `auth_permission`;
/*!40101 SET @saved_cs_client     = @@character_set_client */;
/*!40101 SET character_set_client = utf8 */;
CREATE TABLE `auth_permission` (
  `id` int(11) NOT NULL AUTO_INCREMENT,
  `name` varchar(255) NOT NULL,
  `content_type_id` int(11) NOT NULL,
  `codename` varchar(100) NOT NULL,
  PRIMARY KEY (`id`),
  UNIQUE KEY `content_type_id` (`content_type_id`,`codename`),
  CONSTRAINT `auth__content_type_id_508cf46651277a81_fk_django_content_type_id` FOREIGN KEY (`content_type_id`) REFERENCES `django_content_type` (`id`)
) ENGINE=InnoDB AUTO_INCREMENT=37 DEFAULT CHARSET=latin1;
/*!40101 SET character_set_client = @saved_cs_client */;

--
-- Dumping data for table `auth_permission`
--

LOCK TABLES `auth_permission` WRITE;
/*!40000 ALTER TABLE `auth_permission` DISABLE KEYS */;
INSERT INTO `auth_permission` VALUES (1,'Can add log entry',1,'add_logentry'),(2,'Can change log entry',1,'change_logentry'),(3,'Can delete log entry',1,'delete_logentry'),(4,'Can add permission',2,'add_permission'),(5,'Can change permission',2,'change_permission'),(6,'Can delete permission',2,'delete_permission'),(7,'Can add group',3,'add_group'),(8,'Can change group',3,'change_group'),(9,'Can delete group',3,'delete_group'),(10,'Can add user',4,'add_user'),(11,'Can change user',4,'change_user'),(12,'Can delete user',4,'delete_user'),(13,'Can add content type',5,'add_contenttype'),(14,'Can change content type',5,'change_contenttype'),(15,'Can delete content type',5,'delete_contenttype'),(16,'Can add session',6,'add_session'),(17,'Can change session',6,'change_session'),(18,'Can delete session',6,'delete_session'),(22,'Can add category',8,'add_category'),(23,'Can change category',8,'change_category'),(24,'Can delete category',8,'delete_category'),(25,'Can add product',9,'add_product'),(26,'Can change product',9,'change_product'),(27,'Can delete product',9,'delete_product'),(28,'Can add bid',10,'add_bid'),(29,'Can change bid',10,'change_bid'),(30,'Can delete bid',10,'delete_bid'),(31,'Can add site',11,'add_site'),(32,'Can change site',11,'change_site'),(33,'Can delete site',11,'delete_site'),(34,'Can add registration profile',12,'add_registrationprofile'),(35,'Can change registration profile',12,'change_registrationprofile'),(36,'Can delete registration profile',12,'delete_registrationprofile');
/*!40000 ALTER TABLE `auth_permission` ENABLE KEYS */;
UNLOCK TABLES;

--
-- Table structure for table `auth_user`
--

DROP TABLE IF EXISTS `auth_user`;
/*!40101 SET @saved_cs_client     = @@character_set_client */;
/*!40101 SET character_set_client = utf8 */;
CREATE TABLE `auth_user` (
  `id` int(11) NOT NULL AUTO_INCREMENT,
  `password` varchar(128) NOT NULL,
  `last_login` datetime(6) DEFAULT NULL,
  `is_superuser` tinyint(1) NOT NULL,
  `username` varchar(30) NOT NULL,
  `first_name` varchar(30) NOT NULL,
  `last_name` varchar(30) NOT NULL,
  `email` varchar(254) NOT NULL,
  `is_staff` tinyint(1) NOT NULL,
  `is_active` tinyint(1) NOT NULL,
  `date_joined` datetime(6) NOT NULL,
  PRIMARY KEY (`id`),
  UNIQUE KEY `username` (`username`)
) ENGINE=InnoDB AUTO_INCREMENT=10 DEFAULT CHARSET=latin1;
/*!40101 SET character_set_client = @saved_cs_client */;

--
-- Dumping data for table `auth_user`
--

LOCK TABLES `auth_user` WRITE;
/*!40000 ALTER TABLE `auth_user` DISABLE KEYS */;
INSERT INTO `auth_user` VALUES (1,'pbkdf2_sha256$20000$eHqlkWKBMyYS$POULMo8xCemw3LxuYUxK07X7073iqVon7quAXW83szM=','2015-09-14 08:12:09.929653',0,'mastinux','','','',0,1,'2015-07-01 17:08:36.215889'),(2,'pbkdf2_sha256$20000$hWqSiJ0yf7Tf$o5x51ZUiWA55yufC+r+zgtPfDMWTkwjqsOUNlSG/OgQ=','2015-09-14 09:03:50.545860',0,'neuro17','','','',0,1,'2015-07-01 17:15:50.961026'),(3,'pbkdf2_sha256$20000$Dx6z03mlBC4O$OUJ2ReiOjHyYybD6SB+v4437CDRil9DpYLxnuSSzcX0=','2015-09-16 08:02:28.821991',1,'auctionsuperuser','coco','loco','andrea.pantaleo.93@gmail.com',1,1,'2015-07-02 12:12:43.847264'),(4,'pbkdf2_sha256$20000$6XKhFMNtPrsR$YHyuU8oChoInM0xx26qQVbvfdDSua+e18F4GRc8C7to=','2015-09-14 07:42:23.596243',0,'alecot','','','',0,1,'2015-07-04 09:43:18.000000'),(5,'pbkdf2_sha256$20000$Hd1FCig8p9tc$7jJ+CNbp5E26EBGeDGe3n2abBRUnN/9d0OIzSUyAiMM=','2015-09-16 08:01:11.909565',0,'annric','','','',0,1,'2015-07-04 09:43:49.500844'),(6,'pbkdf2_sha256$20000$9KFPHM5tJepQ$sbWc87ysMlmfhCEAmsoI60HVffnXJSImLRuM0oRc2FE=','2015-09-12 16:04:35.349631',0,'fedfra','','','',0,1,'2015-07-04 09:44:07.220565'),(7,'pbkdf2_sha256$20000$iFc7QDWuPoCW$dK1FAP/wxKKpXkNFfjZ6nAsxF+2/5FNokOfgmtaDU7c=','2015-09-14 08:08:35.233775',0,'hasben','','','',0,1,'2015-07-04 09:44:36.623047'),(8,'pbkdf2_sha256$20000$RbGU915UjNhs$1HsdeCdAX1Zr/9/ghrQbfNR8XTgsAH8E4T6kwm9wxl8=','2015-09-16 07:14:23.789859',0,'micfal','','','',0,1,'2015-07-19 07:37:09.749715'),(9,'pbkdf2_sha256$20000$uCt3BV2NG2eu$6RsoJ8ljPSSTZvEzUdqEavjdwgzUNvRClxhnixoP5wU=','2015-09-16 07:12:37.914182',0,'matmau','matteo','mauro','andrea.pantaleo.93@gmail.com',0,1,'2015-07-19 07:52:47.742803');
/*!40000 ALTER TABLE `auth_user` ENABLE KEYS */;
UNLOCK TABLES;

--
-- Table structure for table `auth_user_groups`
--

DROP TABLE IF EXISTS `auth_user_groups`;
/*!40101 SET @saved_cs_client     = @@character_set_client */;
/*!40101 SET character_set_client = utf8 */;
CREATE TABLE `auth_user_groups` (
  `id` int(11) NOT NULL AUTO_INCREMENT,
  `user_id` int(11) NOT NULL,
  `group_id` int(11) NOT NULL,
  PRIMARY KEY (`id`),
  UNIQUE KEY `user_id` (`user_id`,`group_id`),
  KEY `auth_user_groups_group_id_33ac548dcf5f8e37_fk_auth_group_id` (`group_id`),
  CONSTRAINT `auth_user_groups_group_id_33ac548dcf5f8e37_fk_auth_group_id` FOREIGN KEY (`group_id`) REFERENCES `auth_group` (`id`),
  CONSTRAINT `auth_user_groups_user_id_4b5ed4ffdb8fd9b0_fk_auth_user_id` FOREIGN KEY (`user_id`) REFERENCES `auth_user` (`id`)
) ENGINE=InnoDB DEFAULT CHARSET=latin1;
/*!40101 SET character_set_client = @saved_cs_client */;

--
-- Dumping data for table `auth_user_groups`
--

LOCK TABLES `auth_user_groups` WRITE;
/*!40000 ALTER TABLE `auth_user_groups` DISABLE KEYS */;
/*!40000 ALTER TABLE `auth_user_groups` ENABLE KEYS */;
UNLOCK TABLES;

--
-- Table structure for table `auth_user_user_permissions`
--

DROP TABLE IF EXISTS `auth_user_user_permissions`;
/*!40101 SET @saved_cs_client     = @@character_set_client */;
/*!40101 SET character_set_client = utf8 */;
CREATE TABLE `auth_user_user_permissions` (
  `id` int(11) NOT NULL AUTO_INCREMENT,
  `user_id` int(11) NOT NULL,
  `permission_id` int(11) NOT NULL,
  PRIMARY KEY (`id`),
  UNIQUE KEY `user_id` (`user_id`,`permission_id`),
  KEY `auth_user_u_permission_id_384b62483d7071f0_fk_auth_permission_id` (`permission_id`),
  CONSTRAINT `auth_user_user_permissi_user_id_7f0938558328534a_fk_auth_user_id` FOREIGN KEY (`user_id`) REFERENCES `auth_user` (`id`),
  CONSTRAINT `auth_user_u_permission_id_384b62483d7071f0_fk_auth_permission_id` FOREIGN KEY (`permission_id`) REFERENCES `auth_permission` (`id`)
) ENGINE=InnoDB DEFAULT CHARSET=latin1;
/*!40101 SET character_set_client = @saved_cs_client */;

--
-- Dumping data for table `auth_user_user_permissions`
--

LOCK TABLES `auth_user_user_permissions` WRITE;
/*!40000 ALTER TABLE `auth_user_user_permissions` DISABLE KEYS */;
/*!40000 ALTER TABLE `auth_user_user_permissions` ENABLE KEYS */;
UNLOCK TABLES;

--
-- Table structure for table `bidplacing_bid`
--

DROP TABLE IF EXISTS `bidplacing_bid`;
/*!40101 SET @saved_cs_client     = @@character_set_client */;
/*!40101 SET character_set_client = utf8 */;
CREATE TABLE `bidplacing_bid` (
  `id` int(11) NOT NULL AUTO_INCREMENT,
  `amount` double NOT NULL,
  `bidding_time` datetime(6) NOT NULL,
  `bidder_id` int(11) NOT NULL,
  `product_name_id` int(11) NOT NULL,
  PRIMARY KEY (`id`),
  KEY `bidplacing_bid_c3db7c31` (`product_name_id`),
  KEY `bidplacing_bid_bidder_id_2d0f0f487c7a6fe9_fk_auth_user_id` (`bidder_id`),
  KEY `bidplacing_bid_product_name_id_5523526fb3a5e66e_uniq` (`product_name_id`),
  CONSTRAINT `bidplacing_bid_bidder_id_2d0f0f487c7a6fe9_fk_auth_user_id` FOREIGN KEY (`bidder_id`) REFERENCES `auth_user` (`id`),
  CONSTRAINT `bidpla_product_name_id_5523526fb3a5e66e_fk_bidplacing_product_id` FOREIGN KEY (`product_name_id`) REFERENCES `bidplacing_product` (`id`)
) ENGINE=InnoDB AUTO_INCREMENT=286 DEFAULT CHARSET=latin1;
/*!40101 SET character_set_client = @saved_cs_client */;

--
-- Dumping data for table `bidplacing_bid`
--

LOCK TABLES `bidplacing_bid` WRITE;
/*!40000 ALTER TABLE `bidplacing_bid` DISABLE KEYS */;
INSERT INTO `bidplacing_bid` VALUES (186,1000.1,'2015-09-09 14:46:22.371486',7,193),(187,45.1,'2015-09-09 14:47:22.337516',9,194),(188,5.1,'2015-09-09 14:47:28.988808',9,192),(189,56.1,'2015-09-09 14:48:28.180651',8,196),(190,1.1,'2015-09-09 14:49:17.304038',6,195),(191,1000.2,'2015-09-09 14:49:21.694737',6,193),(192,45.2,'2015-09-09 14:49:26.709689',6,194),(193,15.1,'2015-09-09 14:50:37.519606',1,199),(194,45.3,'2015-09-09 14:50:41.507408',1,194),(195,80.1,'2015-09-09 14:52:13.575167',2,200),(196,1.2,'2015-09-09 14:52:17.359034',2,195),(197,5.2,'2015-09-09 14:52:22.301065',2,192),(198,1000.3,'2015-09-09 14:52:34.638593',2,193),(199,4.1,'2015-09-09 14:56:47.967692',2,197),(200,49.1,'2015-09-09 15:00:08.404962',5,203),(201,5.1,'2015-09-09 15:00:13.397780',5,201),(202,5.1,'2015-09-09 15:00:19.958523',5,198),(203,3.1,'2015-09-09 15:00:38.520114',4,202),(204,5.3,'2015-09-09 15:00:46.257862',4,192),(205,5.2,'2015-09-09 15:00:51.134933',4,198),(206,56.2,'2015-09-09 15:02:03.032092',4,196),(207,49.2,'2015-09-10 14:31:15.255132',7,203),(208,5.3,'2015-09-10 14:31:18.806535',7,198),(209,1000.4,'2015-09-10 14:31:24.538624',7,193),(210,5.1,'2015-09-10 15:03:14.917677',2,206),(211,99.1,'2015-09-10 15:03:34.507125',2,207),(212,0.11,'2015-09-10 15:55:50.560974',5,213),(213,38.01,'2015-09-10 16:59:03.224930',9,208),(214,1000.41,'2015-09-10 17:24:53.248881',9,193),(215,5.11,'2015-09-10 17:28:00.361054',9,201),(216,25.01,'2015-09-10 17:58:31.157737',9,212),(217,45.31,'2015-09-10 20:01:54.892297',4,194),(218,0.12,'2015-09-10 20:02:03.044120',4,213),(219,99.11,'2015-09-10 20:02:07.370508',4,207),(220,5.11,'2015-09-10 20:02:15.190542',4,206),(221,12.01,'2015-09-10 20:02:19.502177',4,209),(222,45.32,'2015-09-10 20:02:35.948865',5,194),(223,15.01,'2015-09-10 20:02:42.253238',5,210),(224,159.01,'2015-09-10 20:02:54.594811',5,214),(225,12.02,'2015-09-10 20:03:01.359572',5,209),(226,99.12,'2015-09-10 20:03:08.876913',5,207),(227,45.33,'2015-09-10 20:03:37.353454',1,194),(228,15.02,'2015-09-10 20:03:40.515904',1,210),(229,25.02,'2015-09-10 20:03:44.687206',1,212),(230,159.02,'2015-09-10 20:03:48.866181',1,214),(231,5.12,'2015-09-10 20:03:55.664803',1,206),(232,56.01,'2015-09-10 20:04:04.178369',1,205),(233,5.01,'2015-09-11 07:10:51.401626',3,204),(234,1000.42,'2015-09-11 07:15:42.051274',5,193),(235,5.01,'2015-09-11 07:15:45.872508',5,211),(236,159.03,'2015-09-11 07:15:50.807789',5,214),(237,56.02,'2015-09-11 07:15:56.249134',5,205),(238,38.02,'2015-09-11 07:15:59.559879',5,208),(239,5.01,'2015-09-11 07:19:04.368268',8,215),(240,5.02,'2015-09-11 07:37:08.125463',4,211),(241,6.01,'2015-09-11 07:40:41.229944',1,216),(242,6.02,'2015-09-11 07:40:50.795792',8,216),(243,6.03,'2015-09-11 07:40:56.140711',1,216),(244,6.04,'2015-09-11 07:41:02.390844',8,216),(245,15.03,'2015-09-11 07:41:11.525708',8,210),(246,159.05,'2015-09-11 07:41:20.378777',8,214),(247,12.03,'2015-09-11 09:18:32.395366',4,209),(248,45.34,'2015-09-11 09:30:35.914669',4,194),(249,159.06,'2015-09-11 09:32:03.638647',5,214),(250,100.01,'2015-09-12 09:50:11.220248',8,218),(251,5.31,'2015-09-12 09:50:16.361262',8,192),(252,159.07,'2015-09-12 09:50:23.650038',8,214),(253,590.01,'2015-09-12 10:19:41.265640',8,217),(254,100.01,'2015-09-12 14:40:41.606212',5,219),(255,15.01,'2015-09-12 14:40:52.052594',5,220),(256,159.08,'2015-09-12 14:48:00.656879',5,214),(257,25.03,'2015-09-12 16:05:36.845363',9,212),(258,5.32,'2015-09-12 16:05:51.092208',9,192),(259,5.31,'2015-09-12 16:18:51.389166',4,198),(260,5.33,'2015-09-12 16:19:31.807188',4,192),(261,590.02,'2015-09-12 16:27:57.251820',5,217),(262,4.11,'2015-09-13 16:27:09.652958',5,197),(263,15.01,'2015-09-13 16:31:19.381795',2,221),(264,590.03,'2015-09-13 16:40:40.648549',8,217),(265,159.09,'2015-09-13 17:18:38.664751',8,214),(266,45.35,'2015-09-13 17:23:51.638073',9,194),(267,100.02,'2015-09-13 17:25:03.815084',9,218),(268,100.02,'2015-09-13 17:25:08.175007',9,219),(269,56.03,'2015-09-14 07:41:18.449764',9,205),(270,12.04,'2015-09-14 07:41:22.866349',9,209),(271,45.01,'2015-09-14 08:21:30.969907',5,224),(272,5.34,'2015-09-14 09:03:59.303321',2,192),(273,5.01,'2015-09-16 07:11:03.175694',2,223),(274,590.04,'2015-09-16 07:12:25.806398',2,217),(275,150.01,'2015-09-16 07:14:30.926513',8,229),(276,10.01,'2015-09-16 07:14:38.118851',8,228),(277,45.02,'2015-09-16 07:14:54.484758',8,224),(278,5.32,'2015-09-16 07:15:00.403948',8,198),(279,150.02,'2015-09-16 07:57:26.428026',3,229),(280,5.03,'2015-09-16 08:01:28.232613',5,211),(281,590.05,'2015-09-17 07:54:59.282482',3,217),(282,5.04,'2015-09-17 07:55:12.796970',3,211),(283,100.03,'2015-09-17 07:55:20.683043',3,219),(284,5.02,'2015-09-17 07:55:27.623229',3,215),(285,5.01,'2015-09-17 07:55:34.121906',3,225);
/*!40000 ALTER TABLE `bidplacing_bid` ENABLE KEYS */;
UNLOCK TABLES;

--
-- Table structure for table `bidplacing_category`
--

DROP TABLE IF EXISTS `bidplacing_category`;
/*!40101 SET @saved_cs_client     = @@character_set_client */;
/*!40101 SET character_set_client = utf8 */;
CREATE TABLE `bidplacing_category` (
  `id` int(11) NOT NULL AUTO_INCREMENT,
  `category_name` varchar(255) NOT NULL,
  `level` int(11) NOT NULL,
  `parent_id` int(11) DEFAULT NULL,
  PRIMARY KEY (`id`),
  UNIQUE KEY `bidplacing_category_category_name_63a95a67ee9da101_uniq` (`category_name`),
  KEY `bidplacing__parent_id_1eee237a7df5300d_fk_bidplacing_category_id` (`parent_id`)
) ENGINE=InnoDB AUTO_INCREMENT=47 DEFAULT CHARSET=latin1;
/*!40101 SET character_set_client = @saved_cs_client */;

--
-- Dumping data for table `bidplacing_category`
--

LOCK TABLES `bidplacing_category` WRITE;
/*!40000 ALTER TABLE `bidplacing_category` DISABLE KEYS */;
INSERT INTO `bidplacing_category` VALUES (7,'Unlimited Instant Videos',0,NULL),(8,'Digital & Prime Music',0,NULL),(9,'Appstore for Android',0,NULL),(10,'Fire TV',0,NULL),(11,'Echo',0,NULL),(12,'Books & Audible',0,NULL),(13,'Amazon Cloud Drive',0,NULL),(14,'Movies, Music & Games',0,NULL),(15,'Kindle E-readers & Books',0,NULL),(16,'Electronics & Computers',0,NULL),(17,'Fire Tablets and Phone',0,NULL),(18,'Clothing, Shoes & Jewelry',0,NULL),(19,'Credit & Payment Products',0,NULL),(20,'Amazon Home Services',0,NULL),(21,'Toys, Kids & Baby',0,NULL),(22,'Automotive & Industrial',0,NULL),(23,'Beauty, Health & Grocery',0,NULL),(24,'Sports & Outdoors',0,NULL),(25,'Home, Garden & Tools',0,NULL),(26,'Books',1,12),(27,'Kindle Books',1,12),(28,'Children\'s Books',1,12),(29,'Textbooks',1,12),(30,'Magazines',1,12),(31,'Sell Us Your Books',1,12),(32,'Audible Membership',1,12),(33,'Audible Audiobooks & More',1,12),(34,'Whispersync for Voice',1,12),(35,'Women',1,18),(36,'Men',1,18),(37,'Girls',1,18),(38,'Boys',1,18),(39,'Baby',1,18),(40,'Luggage',1,18),(41,'Apps',1,9),(42,'Games',1,9),(43,'Free App of the Day',1,9),(44,'Amazon Coins',1,9),(45,'Download Amazon Appstore',1,9),(46,'Shoes',0,NULL);
/*!40000 ALTER TABLE `bidplacing_category` ENABLE KEYS */;
UNLOCK TABLES;

--
-- Table structure for table `bidplacing_product`
--

DROP TABLE IF EXISTS `bidplacing_product`;
/*!40101 SET @saved_cs_client     = @@character_set_client */;
/*!40101 SET character_set_client = utf8 */;
CREATE TABLE `bidplacing_product` (
  `id` int(11) NOT NULL AUTO_INCREMENT,
  `product_name` varchar(100) NOT NULL,
  `description` varchar(500) NOT NULL,
  `start_price` double NOT NULL,
  `deadline_time` datetime(6) NOT NULL,
  `category_id` int(11) NOT NULL,
  `seller_id` int(11) NOT NULL,
  `insertion_time` datetime(6) NOT NULL,
  `product_picture` varchar(100) NOT NULL,
  `object_type` varchar(2) NOT NULL,
  PRIMARY KEY (`id`),
  KEY `bidplacin_category_id_3e431972bc8d3e87_fk_bidplacing_category_id` (`category_id`),
  KEY `bidplacing_product_seller_id_397504dc9830eaec_fk_auth_user_id` (`seller_id`),
  CONSTRAINT `bidplacing_product_seller_id_397504dc9830eaec_fk_auth_user_id` FOREIGN KEY (`seller_id`) REFERENCES `auth_user` (`id`),
  CONSTRAINT `bidplacin_category_id_3e431972bc8d3e87_fk_bidplacing_category_id` FOREIGN KEY (`category_id`) REFERENCES `bidplacing_category` (`id`)
) ENGINE=InnoDB AUTO_INCREMENT=235 DEFAULT CHARSET=latin1;
/*!40101 SET character_set_client = @saved_cs_client */;

--
-- Dumping data for table `bidplacing_product`
--

LOCK TABLES `bidplacing_product` WRITE;
/*!40000 ALTER TABLE `bidplacing_product` DISABLE KEYS */;
INSERT INTO `bidplacing_product` VALUES (192,'Palla Basket','',5,'2015-09-16 14:45:00.000000',24,5,'2015-09-09 14:45:07.376983','./81RGA8r82L.jpg','pr'),(193,'Hydra','',1000,'2015-09-11 15:48:00.000000',12,4,'2015-09-09 14:45:42.437145','./350px-RNoAF_F16A.jpg','pr'),(194,'Velvet chair','',45,'2015-09-14 17:22:00.000000',7,7,'2015-09-09 14:46:18.665031','./838373dd54e581f20ae3e0b8a2b3ffd6.jpg','pr'),(195,'Cavolfiore','',1,'2015-09-14 17:22:00.000000',14,9,'2015-09-09 14:46:57.492652','./cavolfiore.jpg','pr'),(196,'Product','',56,'2015-09-14 17:23:00.000000',30,9,'2015-09-09 14:47:13.068443','no-img.jpg','pr'),(197,'Product','',4,'2015-09-14 17:22:00.000000',8,8,'2015-09-09 14:47:54.432930','no-img.jpg','pr'),(198,'Coca Cola','',5,'2015-09-17 14:49:00.000000',46,6,'2015-09-09 14:49:13.095117','no-img.jpg','pr'),(199,'Clock','',15,'2015-09-21 14:49:00.000000',26,6,'2015-09-09 14:49:54.528215','./orologio-da-parete-antiorario.jpg','pr'),(200,'Ray Ban','',80,'2015-09-11 07:08:00.000000',9,1,'2015-09-09 14:50:31.719838','./Ray-Ban-RB-4165-601_8G.jpg','pr'),(201,'Product','',5,'2015-09-15 17:23:00.000000',28,1,'2015-09-09 14:51:02.961935','no-img.jpg','pr'),(202,'Box','',3,'2015-09-11 07:10:00.000000',7,2,'2015-09-09 14:51:43.784017','./scatola-cartone-decoupage-17x17x10.jpg','pr'),(203,'Tablet','',49,'2015-09-10 14:52:00.000000',13,2,'2015-09-09 14:52:09.132304','./surface-21.jpg','pr'),(204,'Lampada','',5,'2015-09-11 07:10:00.000000',30,4,'2015-09-09 15:01:47.888596','./lampada.jpg','pr'),(205,'Letto','',56,'2015-09-14 17:23:00.000000',8,7,'2015-09-10 14:55:07.178368','./311-LETTI_SINGOLI-42690-B-1.jpg','pr'),(206,'Calendario','',5,'2015-09-11 07:12:00.000000',45,8,'2015-09-10 14:55:39.175764','./calendario_pirelli.jpg','pr'),(207,'Pressa','',99,'2015-09-11 07:11:00.000000',22,6,'2015-09-10 14:56:19.301884','./pressa.jpg','pr'),(208,'Altalena','',38,'2015-09-11 15:48:00.000000',24,4,'2015-09-10 14:57:46.485873','./ALTALENA-ECOPLAY-202-TZC.jpg','pr'),(209,'Cassa audio','',12,'2015-09-14 17:23:00.000000',45,1,'2015-09-10 14:58:50.421346','./pleomax-s2_600-01.jpg','pr'),(210,'Maglia Italia','',15,'2015-09-11 15:48:00.000000',24,4,'2015-09-10 15:26:07.559673','./puma-italia-maglia-ufficiale-azzurra-2011-12-junior-1.jpg','pr'),(211,'Pallone','',5,'2015-09-20 15:51:00.000000',24,7,'2015-09-10 15:51:36.492270','./pallone.jpg','pr'),(212,'Scarpe tennis','',25,'2015-09-30 15:52:00.000000',24,7,'2015-09-10 15:52:09.709179','./scarpe_tennis.jpg','pr'),(213,'Mazza','',0.01,'2015-09-11 07:12:00.000000',24,7,'2015-09-10 15:53:18.484968','./mazza.jpg','pr'),(214,'Sci','',159,'2015-09-23 15:54:00.000000',24,7,'2015-09-10 15:54:00.746892','./sci.jpg','pr'),(215,'Focus','',5,'2015-09-24 07:18:00.000000',30,5,'2015-09-11 07:18:21.279319','./ud_11003_focus_dicembre.jpg','pr'),(216,'Pink Floyd','',6,'2015-09-22 07:40:00.000000',12,4,'2015-09-11 07:40:01.725933','./Pink_floyd_-_dark_side_of_the_moon.jpg','pr'),(217,'Caravan','',590,'2015-10-12 09:00:00.000000',22,4,'2015-09-11 09:00:11.970658','./caravan.jpg','pr'),(218,'BSI','comoda per lo studio e per il cazzeggio... calda d\'inverno e fresca d\'estate =)',100,'2015-11-06 14:25:00.000000',25,4,'2015-09-11 14:25:27.947838','no-img.jpg','pr'),(219,'Pc','',100,'2015-09-22 14:32:00.000000',8,7,'2015-09-12 14:32:48.577846','./DinoPC.jpg','pr'),(220,'Cuffie','',15,'2015-09-13 14:33:00.000000',8,7,'2015-09-12 14:33:27.402698','./17065_19.jpg','pr'),(221,'Cd','',15,'2015-09-14 16:30:00.000000',8,1,'2015-09-13 16:30:07.760630','./tape-t4.jpg','pr'),(222,'Giacca','',49,'2015-09-15 16:30:00.000000',18,1,'2015-09-13 16:30:48.170300','./giacca_anissej_19716_1.jpg','pr'),(223,'Consulenza elettronica','',5,'2015-09-21 08:01:00.000000',8,4,'2015-09-14 08:01:06.507955','no-img.jpg','sr'),(224,'Istruttore Pallavolo','',45,'2015-09-22 08:08:00.000000',24,7,'2015-09-14 08:08:59.211391','./service.jpg','pr'),(225,'Autista','',5,'2015-09-18 08:10:00.000000',8,7,'2015-09-14 08:10:35.916828','no-img.jpg','sr'),(226,'Cameriere','prezzo orario',15,'2015-09-22 08:12:00.000000',34,1,'2015-09-14 08:12:35.614938','./waiter-tray21.jpg','sr'),(227,'Ripetizioni','Tariffa oraria, disponibilissima',7,'2015-09-22 08:20:00.000000',11,5,'2015-09-14 08:20:49.342693','./ripetizioni-private-pistoia.jpg','sr'),(228,'Consulenza informatica','Disponibile dal lunedì al venerdì',10,'2015-09-23 07:11:00.000000',8,2,'2015-09-16 07:11:58.900805','no-img.jpg','sr'),(229,'Insegna','',150,'2015-09-17 07:14:00.000000',21,9,'2015-09-16 07:14:07.170305','./Ferrari-insegna-fabbrica.jpg','pr'),(233,'asdfasdfaerg','',0.02,'2015-09-18 07:59:00.000000',8,3,'2015-09-17 07:59:36.714152','no-img.jpg','pr'),(234,'asdfadfaregar','',0.02,'2015-09-18 08:00:00.000000',7,3,'2015-09-17 08:00:08.092806','no-img.jpg','pr');
/*!40000 ALTER TABLE `bidplacing_product` ENABLE KEYS */;
UNLOCK TABLES;

--
-- Table structure for table `django_admin_log`
--

DROP TABLE IF EXISTS `django_admin_log`;
/*!40101 SET @saved_cs_client     = @@character_set_client */;
/*!40101 SET character_set_client = utf8 */;
CREATE TABLE `django_admin_log` (
  `id` int(11) NOT NULL AUTO_INCREMENT,
  `action_time` datetime(6) NOT NULL,
  `object_id` longtext,
  `object_repr` varchar(200) NOT NULL,
  `action_flag` smallint(5) unsigned NOT NULL,
  `change_message` longtext NOT NULL,
  `content_type_id` int(11) DEFAULT NULL,
  `user_id` int(11) NOT NULL,
  PRIMARY KEY (`id`),
  KEY `djang_content_type_id_697914295151027a_fk_django_content_type_id` (`content_type_id`),
  KEY `django_admin_log_user_id_52fdd58701c5f563_fk_auth_user_id` (`user_id`),
  CONSTRAINT `django_admin_log_user_id_52fdd58701c5f563_fk_auth_user_id` FOREIGN KEY (`user_id`) REFERENCES `auth_user` (`id`),
  CONSTRAINT `djang_content_type_id_697914295151027a_fk_django_content_type_id` FOREIGN KEY (`content_type_id`) REFERENCES `django_content_type` (`id`)
) ENGINE=InnoDB AUTO_INCREMENT=479 DEFAULT CHARSET=latin1;
/*!40101 SET character_set_client = @saved_cs_client */;

--
-- Dumping data for table `django_admin_log`
--

LOCK TABLES `django_admin_log` WRITE;
/*!40000 ALTER TABLE `django_admin_log` DISABLE KEYS */;
INSERT INTO `django_admin_log` VALUES (1,'2015-07-02 13:24:31.041036','4','Accessori',3,'',8,3),(2,'2015-07-02 13:25:58.495264','6','Music Store',1,'',8,3),(5,'2015-07-02 13:38:11.908836','1','Motosega',1,'',9,3),(6,'2015-07-02 13:38:27.003065','1','Motosega',2,'Changed description.',9,3),(7,'2015-07-02 13:51:26.619670','2','CD FooFighers',1,'',9,3),(8,'2015-07-02 13:51:57.300794','3','ktm 125',1,'',9,3),(9,'2015-07-02 13:52:57.366037','4','Pala meccanica',1,'',9,3),(10,'2015-07-04 09:30:37.706135','6','Music Store',3,'',8,3),(11,'2015-07-04 09:30:37.771600','5','Moto',3,'',8,3),(12,'2015-07-04 09:30:37.805644','2','Giardinaggio',3,'',8,3),(13,'2015-07-04 09:30:37.850058','1','Musica Digitale',3,'',8,3),(14,'2015-07-04 09:34:53.048989','7','Unlimited Instant Videos',1,'',8,3),(15,'2015-07-04 09:35:17.623084','8','Digital & Prime Music',1,'',8,3),(16,'2015-07-04 09:35:27.475152','9','Appstore for Android',1,'',8,3),(17,'2015-07-04 09:35:35.762046','10','Fire TV',1,'',8,3),(18,'2015-07-04 09:35:41.770348','11','Echo',1,'',8,3),(19,'2015-07-04 09:35:50.554592','12','Books & Audible',1,'',8,3),(20,'2015-07-04 09:35:58.918826','13','Amazon Cloud Drive',1,'',8,3),(21,'2015-07-04 09:36:05.973975','14','Movies, Music & Games',1,'',8,3),(22,'2015-07-04 09:36:12.902060','15','Kindle E-readers & Books',1,'',8,3),(23,'2015-07-04 09:36:22.043156','16','Electronics & Computers',1,'',8,3),(24,'2015-07-04 09:36:28.068734','17','Fire Tablets and Phone',1,'',8,3),(25,'2015-07-04 09:36:47.208008','18','Clothing, Shoes & Jewelry',1,'',8,3),(26,'2015-07-04 09:36:52.640042','19','Credit & Payment Products',1,'',8,3),(27,'2015-07-04 09:36:57.736882','20','Amazon Home Services',1,'',8,3),(28,'2015-07-04 09:37:03.471793','21','Toys, Kids & Baby',1,'',8,3),(29,'2015-07-04 09:37:14.398400','22','Automotive & Industrial',1,'',8,3),(30,'2015-07-04 09:37:20.275778','23','Beauty, Health & Grocery',1,'',8,3),(31,'2015-07-04 09:37:27.562809','24','Sports & Outdoors',1,'',8,3),(32,'2015-07-04 09:37:33.339908','25','Home, Garden & Tools',1,'',8,3),(33,'2015-07-04 09:43:18.595662','4','alecot',1,'',4,3),(34,'2015-07-04 09:43:32.320279','4','alecot',2,'No fields changed.',4,3),(35,'2015-07-04 09:43:49.529788','5','annric',1,'',4,3),(36,'2015-07-04 09:44:07.250199','6','fedfra',1,'',4,3),(37,'2015-07-04 09:44:36.654534','7','hasben',1,'',4,3),(42,'2015-07-04 09:47:41.118926','5','Cards Against Humanity',1,'',9,3),(43,'2015-07-04 09:48:28.521966','6','Cards Against Humanity: First Expansion',1,'',9,3),(44,'2015-07-04 09:48:55.400292','7','Crazy Balloons',1,'',9,3),(45,'2015-07-04 09:49:52.885368','8','Fujifilm Instax Mini Instant Film',1,'',9,3),(46,'2015-07-04 09:50:17.198602','9','GoPro HERO',1,'',9,3),(47,'2015-07-04 09:50:40.273534','10','GoPro HERO4 SILVER',1,'',9,3),(48,'2015-07-04 09:51:24.453229','11','Humans of New York: Stories',1,'',9,3),(49,'2015-07-04 09:51:53.724996','12','Go Set a Watchman: A Novel',1,'',9,3),(50,'2015-07-04 09:52:18.446569','13','Grey: Fifty Shades of Grey as Told by Christian',1,'',9,3),(51,'2015-07-04 09:52:51.782868','14','Ray-Ban RB2132 New Wayfarer Sunglasses',1,'',9,3),(52,'2015-07-04 09:53:14.881612','15','U.S. Polo Assn. Men\'s Solid Polo Shirt with Small Pony',1,'',9,3),(53,'2015-07-04 09:55:13.093894','16','Dockers Men\'s Alpha Khaki Slim Flat-Front Pant',1,'',9,3),(54,'2015-07-15 07:38:24.491477','26','Books',1,'',8,3),(55,'2015-07-15 07:38:46.137707','27','Kindle Books',1,'',8,3),(56,'2015-07-15 07:38:58.777981','28','Children\'s Books',1,'',8,3),(57,'2015-07-15 07:39:09.122739','29','Textbooks',1,'',8,3),(58,'2015-07-15 07:39:19.046394','30','Magazines',1,'',8,3),(59,'2015-07-15 07:39:29.480764','31','Sell Us Your Books',1,'',8,3),(60,'2015-07-15 07:39:38.492531','32','Audible Membership',1,'',8,3),(61,'2015-07-15 07:39:48.478420','33','Audible Audiobooks & More',1,'',8,3),(62,'2015-07-15 07:39:58.910101','34','Whispersync for Voice',1,'',8,3),(63,'2015-07-15 07:52:24.106194','35','Women',1,'',8,3),(64,'2015-07-15 07:52:32.316393','36','Men',1,'',8,3),(65,'2015-07-15 07:52:41.417075','37','Girls',1,'',8,3),(66,'2015-07-15 07:52:48.276835','38','Boys',1,'',8,3),(67,'2015-07-15 07:52:56.474131','39','Baby',1,'',8,3),(68,'2015-07-15 07:53:06.469008','40','Luggage',1,'',8,3),(69,'2015-07-15 07:53:34.472726','41','Apps',1,'',8,3),(70,'2015-07-15 07:53:39.946534','42','Games',1,'',8,3),(71,'2015-07-15 07:53:50.436032','43','Free App of the Day',1,'',8,3),(72,'2015-07-15 07:54:02.139169','44','Amazon Coins',1,'',8,3),(73,'2015-07-15 07:54:13.646487','45','Download Amazon Appstore',1,'',8,3),(74,'2015-07-15 08:15:08.185598','11','Humans of New York: Stories',2,'Changed deadline_time.',9,3),(75,'2015-07-15 08:15:19.342904','16','Dockers Men\'s Alpha Khaki Slim Flat-Front Pant',2,'Changed deadline_time.',9,3),(76,'2015-07-15 09:20:52.024155','17','Title (Deluxe)',1,'',9,3),(77,'2015-07-15 09:21:43.011998','18','Uptown Special [Explicit]',1,'',9,3),(78,'2015-07-15 09:22:11.895977','19','Talking Is Hard',1,'',9,3),(79,'2015-07-16 10:27:20.224839','7','Cards Against Humanity alecot 400.0 2015-07-16 10:27:18+00:00',1,'',10,3),(80,'2015-07-16 10:27:51.571678','8','Cards Against Humanity: First Expansion annric 62.0 2015-07-16 10:27:50+00:00',1,'',10,3),(81,'2015-07-16 10:37:54.314965','12','Humans of New York: Stories fedfra 500.0 2015-07-16 10:34:25+00:00',1,'',10,3),(82,'2015-07-16 12:07:27.743107','16','Crazy Balloons annric 440.0 2015-07-16 12:04:04+00:00',1,'',10,3),(83,'2015-07-16 12:07:43.197883','16','Crazy Balloons annric 440.0 2015-07-16 12:04:04+00:00',3,'',10,3),(84,'2015-07-16 12:07:43.245103','12','Humans of New York: Stories fedfra 500.0 2015-07-16 10:34:25+00:00',3,'',10,3),(85,'2015-07-16 12:07:43.278707','8','Cards Against Humanity: First Expansion annric 62.0 2015-07-16 10:27:50+00:00',3,'',10,3),(86,'2015-07-16 12:28:50.780062','22','Title (Deluxe) annric 440.0 2015-07-16 12:23:58.691603+00:00',3,'',10,3),(87,'2015-07-16 13:33:27.077703','33','5 hasben 6165.0 2015-07-16 13:33:26+00:00',1,'',10,3),(88,'2015-07-16 13:34:45.076426','33','Cards Against Humanity hasben 440.0 2015-07-16 13:33:26+00:00',2,'Changed amount.',10,3),(89,'2015-07-16 13:35:01.752642','34','Cards Against Humanity annric 460.0 2015-07-16 13:35:00+00:00',1,'',10,3),(90,'2015-07-16 13:35:21.335968','35','Cards Against Humanity fedfra 465.0 2015-07-16 13:35:16+00:00',1,'',10,3),(91,'2015-07-16 13:35:40.218261','36','Cards Against Humanity fedfra 465.0 2015-07-16 13:35:16+00:00',1,'',10,3),(92,'2015-07-16 13:36:01.012898','35','Cards Against Humanity fedfra 465.0 2015-07-16 13:35:16+00:00',3,'',10,3),(93,'2015-07-16 13:37:31.053166','37','GoPro HERO alecot 561.0 2015-07-16 13:37:29+00:00',1,'',10,3),(94,'2015-07-16 13:53:52.951840','38','Cards Against Humanity: First Expansion alecot 515.0 2015-07-09 13:53:50+00:00',1,'',10,3),(95,'2015-07-16 14:13:59.565848','6','Cards Against Humanity: First Expansion',2,'Changed deadline_time.',9,3),(96,'2015-07-16 15:24:52.659099','20','Popular Science 5.0 2015-07-16 15:24:31+00:00 fedfra',1,'',9,3),(97,'2015-07-16 15:29:03.873314','21','National Geographic 19.0 2015-07-30 15:28:54+00:00 hasben',1,'',9,3),(98,'2015-07-17 12:39:31.770175','39','Cards Against Humanity: First Expansion [start_price=10.0 deadline=2015-07-09 09:48:16+00:00 seller=annric] bidder=alecot amount=26.0 bidding_time=2015-07-02 12:39:26+00:00',1,'',10,3),(99,'2015-07-17 14:17:45.921013','40','National Geographic [start_price=19.0 deadline=2015-07-30 15:28:54+00:00 seller=hasben] bidder=annric amount=20.0 bidding_time=2015-07-17 14:17:43+00:00',1,'',10,3),(100,'2015-07-17 14:22:36.589704','40','National Geographic [start_price=19.0 deadline=2015-07-30 15:28:54+00:00 seller=hasben] bidder=annric amount=20.0 bidding_time=2015-07-17 14:17:43+00:00',3,'',10,3),(101,'2015-07-17 14:22:36.623272','34','Cards Against Humanity [start_price=25.0 deadline=2015-07-18 09:46:22+00:00 seller=fedfra] bidder=annric amount=460.0 bidding_time=2015-07-16 13:35:00+00:00',3,'',10,3),(102,'2015-07-17 14:22:49.607071','41','Cards Against Humanity [start_price=25.0 deadline=2015-07-18 09:46:22+00:00 seller=fedfra] bidder=annric amount=26.0 bidding_time=2015-07-17 14:22:48+00:00',1,'',10,3),(103,'2015-07-17 14:23:05.549771','42','Fujifilm Instax Mini Instant Film [start_price=37.95 deadline=2015-07-18 09:49:24+00:00 seller=alecot] bidder=annric amount=38.0 bidding_time=2015-07-17 14:23:04+00:00',1,'',10,3),(104,'2015-07-17 15:00:00.541440','43','Popular Science [start_price=5.0 deadline=2015-07-16 15:24:31+00:00 seller=fedfra] bidder=alecot amount=6.0 bidding_time=2015-07-17 14:59:59+00:00',1,'',10,3),(105,'2015-07-17 15:01:00.715272','44','Popular Science [start_price=5.0 deadline=2015-07-16 15:24:31+00:00 seller=fedfra] bidder=hasben amount=7.0 bidding_time=2015-07-17 15:00:59+00:00',1,'',10,3),(106,'2015-07-17 15:03:46.904232','5','Cards Against Humanity [start_price=25.0 deadline=2015-07-17 09:46:22+00:00 seller=fedfra]',2,'Changed deadline_time.',9,3),(107,'2015-07-17 15:06:56.650829','45','Crazy Balloons [start_price=13.0 deadline=2015-07-18 09:48:48+00:00 seller=alecot] bidder=hasben amount=18.0 bidding_time=2015-07-17 15:06:45+00:00',1,'',10,3),(108,'2015-07-17 15:07:14.588222','46','Humans of New York: Stories [start_price=15.7 deadline=2015-07-29 09:51:15+00:00 seller=mastinux] bidder=hasben amount=17.0 bidding_time=2015-07-17 15:07:13+00:00',1,'',10,3),(109,'2015-07-17 15:15:47.267016','22','prodotto prova [start_price=25.0 deadline=2015-07-17 15:15:38+00:00 seller=mastinux]',1,'',9,3),(110,'2015-07-17 15:21:46.486890','None','prodotto prova 2 [start_price=65.0 deadline=2015-07-17 15:21:40+00:00 seller=annric]',1,'',9,3),(111,'2015-07-17 15:24:15.881375','10','Fire TV [parent:None, level=0]',2,'No fields changed.',8,3),(112,'2015-07-17 15:24:25.606910','None','prodotto prova 2 [start_price=-1.0 deadline=2015-07-17 15:23:55+00:00 seller=fedfra]',1,'',9,3),(113,'2015-07-17 15:24:53.542460','None','prodotto prova 2 [start_price=65.0 deadline=2015-07-17 15:24:45+00:00 seller=fedfra]',1,'',9,3),(114,'2015-07-17 15:25:40.551662','23','prodotto prova 2 [start_price=20.0 deadline=2015-07-18 15:25:29+00:00 seller=fedfra]',1,'',9,3),(115,'2015-07-17 15:30:59.084217','47','Humans of New York: Stories [start_price=15.7 deadline=2015-07-29 09:51:15+00:00 seller=mastinux] bidder=fedfra amount=19.0 bidding_time=2015-07-17 15:30:59.080364+00:00',1,'',10,3),(116,'2015-07-17 16:01:12.129551','48','Crazy Balloons [start_price=13.0 deadline=2015-07-18 09:48:48+00:00 seller=alecot] bidder=annric amount=62.0 bidding_time=2015-07-17 16:01:12.127282+00:00',1,'',10,3),(117,'2015-07-17 16:03:53.262699','49','GoPro HERO [start_price=129.99 deadline=2015-07-18 09:50:10+00:00 seller=auctionsuperuser] bidder=mastinux amount=560.0 bidding_time=2015-07-17 16:03:53.260198+00:00',1,'',10,3),(118,'2015-07-17 16:04:12.881004','49','GoPro HERO [start_price=129.99 deadline=2015-07-18 09:50:10+00:00 seller=auctionsuperuser] bidder=mastinux amount=560.0 bidding_time=2015-07-17 16:03:53.260198+00:00',3,'',10,3),(119,'2015-07-17 16:04:42.633054','None','GoPro HERO [start_price=129.99 deadline=2015-07-18 09:50:10+00:00 seller=auctionsuperuser] bidder=neuro17 amount=560.0 bidding_time=None',1,'',10,3),(120,'2015-07-18 13:17:13.997207','24','prodotto prova 3 [start_price=0.0 deadline=2015-07-22 13:17:08+00:00 seller=annric]',1,'',9,3),(121,'2015-07-18 13:20:25.817976','24','prodotto prova 3 [start_price=0.0 deadline=2015-07-22 13:17:08+00:00 seller=annric]',3,'',9,3),(122,'2015-07-18 13:20:25.870672','23','prodotto prova 2 [start_price=20.0 deadline=2015-07-18 15:25:29+00:00 seller=fedfra]',3,'',9,3),(123,'2015-07-18 13:20:25.903942','22','prodotto prova [start_price=25.0 deadline=2015-07-17 15:15:38+00:00 seller=mastinux]',3,'',9,3),(124,'2015-07-18 13:20:57.790111','9','GoPro HERO [start_price=129.99 deadline=2015-07-18 23:59:59+00:00 seller=auctionsuperuser]',2,'Changed deadline_time.',9,3),(125,'2015-07-18 13:48:46.141914','37','GoPro HERO [start_price=129.99 deadline=2015-07-18 23:59:59+00:00 seller=auctionsuperuser] bidder=alecot amount=563.0 bidding_time=2015-07-16 13:37:29+00:00',2,'Changed amount.',10,3),(126,'2015-07-18 14:39:17.785994','25','prodotto prova [start_price=15.0 deadline=2015-07-24 14:39:11+00:00 seller=annric]',1,'',9,3),(127,'2015-07-18 14:42:48.796238','21','National Geographic [start_price=19.0 deadline=2015-07-18 15:28:54+00:00 seller=hasben]',2,'Changed deadline_time.',9,3),(128,'2015-07-18 14:47:05.668722','26','prodotto scaduto [start_price=1.0 deadline=2015-07-18 14:48:00+00:00 seller=alecot]',1,'',9,3),(129,'2015-07-18 14:48:29.481125','26','prodotto non scaduto [start_price=1.0 deadline=2015-07-19 14:48:00+00:00 seller=alecot]',2,'Changed product_name and deadline_time.',9,3),(130,'2015-07-18 14:49:48.587720','25','prodotto prova [start_price=15.0 deadline=2015-07-24 14:39:11+00:00 seller=annric]',3,'',9,3),(131,'2015-07-19 07:46:46.743292','1','localhost:8000',2,'Changed domain and name.',11,3),(132,'2015-07-20 07:42:04.640754','26','prodotto non scaduto [start_price=1.0 deadline=2015-07-19 14:48:00+00:00 seller=alecot]',3,'',9,3),(133,'2015-07-20 08:26:31.201304','21','National Geographic [start_price=19.0 deadline=2015-07-20 18:26:24+00:00 seller=hasben]',2,'Changed deadline_time.',9,3),(134,'2015-07-20 08:29:18.694518','12','Go Set a Watchman: A Novel [start_price=14.49 deadline=2015-07-21 08:29:13+00:00 seller=fedfra]',2,'Changed deadline_time.',9,3),(135,'2015-07-20 08:29:51.902602','11','Humans of New York: Stories [start_price=15.7 deadline=2015-07-21 08:29:39+00:00 seller=mastinux]',2,'Changed deadline_time.',9,3),(136,'2015-07-20 08:30:01.671595','10','GoPro HERO4 SILVER [start_price=399.99 deadline=2015-07-21 08:29:59+00:00 seller=neuro17]',2,'Changed deadline_time.',9,3),(137,'2015-07-20 08:30:14.922650','14','Ray-Ban RB2132 New Wayfarer Sunglasses [start_price=81.9 deadline=2015-07-21 08:30:13+00:00 seller=alecot]',2,'Changed deadline_time.',9,3),(138,'2015-07-20 08:34:54.436661','49','GoPro HERO4 SILVER [start_price=399.99 deadline=2015-07-21 08:29:59+00:00 seller=neuro17] bidder=fedfra amount=400.0 bidding_time=2015-07-20 08:34:54.435911+00:00',1,'',10,3),(139,'2015-07-20 08:35:11.255592','50','Go Set a Watchman: A Novel [start_price=14.49 deadline=2015-07-21 08:29:13+00:00 seller=fedfra] bidder=annric amount=15.0 bidding_time=2015-07-20 08:35:11.254796+00:00',1,'',10,3),(140,'2015-07-20 08:35:34.394963','51','Ray-Ban RB2132 New Wayfarer Sunglasses [start_price=81.9 deadline=2015-07-21 08:30:13+00:00 seller=alecot] bidder=matmau amount=82.0 bidding_time=2015-07-20 08:35:34.393457+00:00',1,'',10,3),(141,'2015-07-20 08:35:52.982106','52','National Geographic [start_price=19.0 deadline=2015-07-20 18:26:24+00:00 seller=hasben] bidder=neuro17 amount=20.0 bidding_time=2015-07-20 08:35:52.981304+00:00',1,'',10,3),(142,'2015-07-20 08:43:05.063582','46','Shoes [parent:None, level=0]',1,'',8,3),(143,'2015-07-20 08:43:41.304079','27','Sanuk Women\'s Yoga Mat Flip-Flop [start_price=32.0 deadline=2015-07-27 08:43:27+00:00 seller=mastinux]',1,'',9,3),(144,'2015-07-20 08:44:10.997613','28','ASICS Men\'s Gel Kayano 21 Running Shoe [start_price=119.0 deadline=2015-07-30 08:44:04+00:00 seller=annric]',1,'',9,3),(145,'2015-07-20 08:44:46.841518','29','crocs Unisex Classic Clog [start_price=75.0 deadline=2015-07-30 08:44:40+00:00 seller=annric]',1,'',9,3),(146,'2015-07-20 08:45:18.424168','30','New Balance Men\'s MX623v2 Cross [start_price=37.0 deadline=2015-07-30 08:45:14+00:00 seller=annric]',1,'',9,3),(147,'2015-07-21 08:48:08.748267','30','New Balance Men\'s MX623v2 Cross [start_price=37.0 deadline=2015-07-22 08:45:14+00:00 seller=annric]',2,'Changed deadline_time.',9,3),(148,'2015-07-21 08:48:26.400675','15','U.S. Polo Assn. Men\'s Solid Polo Shirt with Small Pony [start_price=13.41 deadline=2015-07-22 09:53:07+00:00 seller=auctionsuperuser]',2,'Changed deadline_time.',9,3),(149,'2015-07-21 08:48:33.573768','6','Cards Against Humanity: First Expansion [start_price=10.0 deadline=2015-07-22 09:48:16+00:00 seller=annric]',2,'Changed deadline_time.',9,3),(150,'2015-07-21 08:48:54.340984','29','crocs Unisex Classic Clog [start_price=75.0 deadline=2015-07-22 08:48:52+00:00 seller=annric]',2,'Changed deadline_time.',9,3),(151,'2015-07-21 08:49:12.533997','7','Crazy Balloons [start_price=13.0 deadline=2015-07-22 08:49:10+00:00 seller=alecot]',2,'Changed deadline_time.',9,3),(152,'2015-07-21 08:50:45.265603','31','Interstellar [Blu-ray] [start_price=10.0 deadline=2015-07-25 08:50:34+00:00 seller=fedfra]',1,'',9,3),(153,'2015-07-21 08:51:23.326553','32','Masterpiece: Downton Abbey Seasons 1 [start_price=33.0 deadline=2015-07-22 08:51:10+00:00 seller=neuro17]',1,'',9,3),(154,'2015-07-21 08:51:56.597447','33','X-Men: Days of Future Past  [start_price=14.47 deadline=2015-07-23 08:51:48+00:00 seller=mastinux]',1,'',9,3),(155,'2015-07-21 08:54:29.513468','34','TP-LINK TL-WR841N Wireless N300  [start_price=19.0 deadline=2015-07-29 08:54:18+00:00 seller=fedfra]',1,'',9,3),(156,'2015-07-21 09:15:54.813295','35','Match Men\'s Twill Cargo Shorts Quick-dry Summer Shorts [start_price=20.0 deadline=2015-07-22 09:15:43+00:00 seller=annric]',1,'',9,3),(157,'2015-07-21 09:16:21.413546','36','BNWT NEW MENS COMFY OUTDOOR SURFS UP SHORTS UPTO 4XL LARGE SIZES AVAILABLE [start_price=19.0 deadline=2015-07-24 09:16:13+00:00 seller=fedfra]',1,'',9,3),(158,'2015-07-21 09:16:52.747843','37','Men\'s Classic City Stripe Fashion Scarf (2 Colors) [start_price=17.95 deadline=2015-07-23 09:16:47+00:00 seller=alecot]',1,'',9,3),(159,'2015-07-21 21:15:33.561039','38','Echo Product [start_price=156.0 deadline=2015-07-28 21:15:27+00:00 seller=auctionsuperuser]',1,'',9,3),(160,'2015-07-21 21:19:40.453816','39','Echo Product 2 [start_price=61.0 deadline=2015-07-22 21:19:34+00:00 seller=mastinux]',1,'',9,3),(161,'2015-07-21 21:40:37.951279','40','Tonsee Irregular Striped Asymmetric Midi Skirt [start_price=17.0 deadline=2015-07-23 21:40:32+00:00 seller=annric]',1,'',9,3),(162,'2015-07-21 21:41:09.933954','41','Ann Chery Women\'s Faja Deportiva Workout Waist Cincher [start_price=30.0 deadline=2015-07-29 21:40:53+00:00 seller=fedfra]',1,'',9,3),(163,'2015-07-21 22:06:42.146839','39','Echo Product 2 [start_price=61.0 deadline=2015-07-29 21:19:34+00:00 seller=mastinux]',2,'Changed deadline_time.',9,3),(164,'2015-07-21 22:17:53.712642','42','adfasdfasfdasfdadfs [start_price=57.0 deadline=2015-07-29 22:17:43+00:00 seller=annric]',1,'',9,3),(165,'2015-07-21 22:19:23.716614','38','Echo Product [start_price=156.0 deadline=2015-07-28 21:15:27+00:00 seller=auctionsuperuser]',3,'',9,3),(166,'2015-07-21 22:19:23.746020','39','Echo Product 2 [start_price=61.0 deadline=2015-07-29 21:19:34+00:00 seller=mastinux]',3,'',9,3),(167,'2015-07-21 22:19:23.779611','42','adfasdfasfdasfdadfs [start_price=57.0 deadline=2015-07-29 22:17:43+00:00 seller=annric]',3,'',9,3),(168,'2015-07-22 15:14:48.424369','19','Talking Is Hard [start_price=12.99 deadline=2015-07-26 09:22:04+00:00 seller=annric]',2,'Changed deadline_time.',9,3),(169,'2015-07-22 15:14:53.403310','17','Title (Deluxe) [start_price=12.99 deadline=2015-07-28 10:20:07+00:00 seller=alecot]',2,'Changed deadline_time.',9,3),(170,'2015-07-22 15:15:29.179517','18','Uptown Special [Explicit] [start_price=7.99 deadline=2015-07-23 15:15:04+00:00 seller=mastinux]',2,'Changed deadline_time.',9,3),(171,'2015-07-22 15:15:34.712520','20','Popular Science [start_price=5.0 deadline=2015-07-23 15:15:32+00:00 seller=fedfra]',2,'Changed deadline_time.',9,3),(172,'2015-07-22 15:15:42.010207','5','Cards Against Humanity [start_price=25.0 deadline=2015-07-23 15:15:41+00:00 seller=fedfra]',2,'Changed deadline_time.',9,3),(173,'2015-07-22 15:48:23.257628','40','Tonsee Irregular Striped Asymmetric Midi Skirt [start_price=17.0 deadline=2015-07-23 21:40:32+00:00 seller=annric]',2,'Changed category.',9,3),(174,'2015-07-23 13:28:20.921267','43','secondo prodotto prova [start_price=2.0 deadline=2015-07-24 13:28:00 seller=mastinux]',1,'',9,3),(175,'2015-07-23 13:28:45.571010','44','primo prodotto prova [start_price=2.0 deadline=2015-07-29 13:28:00 seller=fedfra]',1,'',9,3),(176,'2015-07-23 14:02:47.654546','58','Dockers Men\'s Alpha Khaki Slim Flat-Front Pant [start_price=21.99 deadline=2015-07-31 09:55:05+00:00 seller=neuro17] bidder=alecot amount=29.0 bidding_time=2015-07-23 14:02:47.652789+00:00',1,'',10,3),(177,'2015-07-23 14:03:02.874354','59','Dockers Men\'s Alpha Khaki Slim Flat-Front Pant [start_price=21.99 deadline=2015-07-31 09:55:05+00:00 seller=neuro17] bidder=alecot amount=30.0 bidding_time=2015-07-23 14:03:02.873479+00:00',1,'',10,3),(178,'2015-07-23 15:42:31.012016','41','Cards Against Humanity [start_price=25.0 deadline=2015-07-23 15:15:41+00:00 seller=fedfra] bidder=annric amount=26.0 bidding_time=2015-07-17 14:22:48+00:00',3,'',10,3),(179,'2015-07-23 15:44:03.265081','60','bottle [start_price=1.01 deadline=2015-07-24 11:58:00+00:00 seller=matmau] bidder=annric amount=600.0 bidding_time=2015-07-23 15:44:03.264159+00:00',1,'',10,3),(180,'2015-07-23 15:44:26.656161','42','bottle [start_price=1.01 deadline=2015-08-23 15:44:00 seller=matmau]',2,'Changed deadline_time.',9,3),(181,'2015-07-23 16:03:33.875160','45','a [start_price=1.0 deadline=2015-07-24 16:03:00 seller=alecot]',1,'',9,3),(182,'2015-07-23 16:03:57.595335','46','b [start_price=2.0 deadline=2015-07-24 16:03:00 seller=annric]',1,'',9,3),(183,'2015-07-23 16:04:16.305095','47','c [start_price=2.0 deadline=2015-07-25 16:04:00 seller=fedfra]',1,'',9,3),(184,'2015-07-23 16:04:33.679116','48','d [start_price=4.0 deadline=2015-07-24 16:04:00 seller=hasben]',1,'',9,3),(185,'2015-07-23 16:04:55.311494','49','e [start_price=5.0 deadline=2015-07-25 16:04:00 seller=mastinux]',1,'',9,3),(186,'2015-07-23 16:05:12.364570','50','f [start_price=6.0 deadline=2015-07-25 16:05:00 seller=matmau]',1,'',9,3),(187,'2015-07-23 16:05:32.306699','51','g [start_price=7.0 deadline=2015-07-27 16:05:00 seller=micfal]',1,'',9,3),(188,'2015-07-23 16:06:03.864336','52','h [start_price=2.0 deadline=2015-07-25 16:06:00 seller=neuro17]',1,'',9,3),(189,'2015-07-23 16:06:37.374920','61','a [start_price=1.0 deadline=2015-07-24 16:03:00+00:00 seller=alecot] bidder=annric amount=2.0 bidding_time=2015-07-23 16:06:37.374117+00:00',1,'',10,3),(190,'2015-07-23 16:06:47.665243','62','a [start_price=1.0 deadline=2015-07-24 16:03:00+00:00 seller=alecot] bidder=fedfra amount=3.0 bidding_time=2015-07-23 16:06:47.664150+00:00',1,'',10,3),(191,'2015-07-23 16:07:34.263022','63','a [start_price=1.0 deadline=2015-07-24 16:03:00+00:00 seller=alecot] bidder=hasben amount=5.0 bidding_time=2015-07-23 16:07:34.261888+00:00',1,'',10,3),(192,'2015-07-23 16:08:14.633491','45','a [start_price=1.0 deadline=2015-07-23 16:08:00 seller=alecot]',2,'Changed deadline_time.',9,3),(193,'2015-07-23 16:08:35.862682','64','b [start_price=2.0 deadline=2015-07-24 16:03:00+00:00 seller=annric] bidder=alecot amount=3.0 bidding_time=2015-07-23 16:08:35.861775+00:00',1,'',10,3),(194,'2015-07-23 16:08:44.706271','65','b [start_price=2.0 deadline=2015-07-24 16:03:00+00:00 seller=annric] bidder=fedfra amount=5.0 bidding_time=2015-07-23 16:08:44.705514+00:00',1,'',10,3),(195,'2015-07-23 16:09:23.637515','66','b [start_price=2.0 deadline=2015-07-24 16:03:00+00:00 seller=annric] bidder=hasben amount=65.0 bidding_time=2015-07-23 16:09:23.636615+00:00',1,'',10,3),(196,'2015-07-23 16:09:39.444710','67','c [start_price=2.0 deadline=2015-07-25 16:04:00+00:00 seller=fedfra] bidder=alecot amount=5.0 bidding_time=2015-07-23 16:09:39.443981+00:00',1,'',10,3),(197,'2015-07-23 16:09:50.575589','68','c [start_price=2.0 deadline=2015-07-25 16:04:00+00:00 seller=fedfra] bidder=annric amount=44.0 bidding_time=2015-07-23 16:09:50.574889+00:00',1,'',10,3),(198,'2015-07-23 16:10:00.073163','69','c [start_price=2.0 deadline=2015-07-25 16:04:00+00:00 seller=fedfra] bidder=micfal amount=50.0 bidding_time=2015-07-23 16:10:00.072206+00:00',1,'',10,3),(199,'2015-07-23 16:12:20.352449','46','b [start_price=2.0 deadline=2015-07-23 16:12:00 seller=annric]',2,'Changed deadline_time.',9,3),(200,'2015-07-23 16:12:28.221978','47','c [start_price=2.0 deadline=2015-07-23 16:12:00 seller=fedfra]',2,'Changed deadline_time.',9,3),(201,'2015-07-24 07:13:35.391812','70','d [start_price=4.0 deadline=2015-07-24 16:04:00+00:00 seller=hasben] bidder=alecot amount=5.0 bidding_time=2015-07-24 07:13:35.390954+00:00',1,'',10,3),(202,'2015-07-24 07:13:45.168825','71','d [start_price=4.0 deadline=2015-07-24 16:04:00+00:00 seller=hasben] bidder=fedfra amount=6.0 bidding_time=2015-07-24 07:13:45.167927+00:00',1,'',10,3),(203,'2015-07-24 07:13:57.351140','72','d [start_price=4.0 deadline=2015-07-24 16:04:00+00:00 seller=hasben] bidder=neuro17 amount=60.0 bidding_time=2015-07-24 07:13:57.350166+00:00',1,'',10,3),(204,'2015-07-24 07:14:26.480691','73','d [start_price=4.0 deadline=2015-07-24 16:04:00+00:00 seller=hasben] bidder=hasben amount=61.0 bidding_time=2015-07-24 07:14:26.480078+00:00',1,'',10,3),(205,'2015-07-24 07:18:01.388589','74','f [start_price=6.0 deadline=2015-07-25 16:05:00+00:00 seller=matmau] bidder=fedfra amount=7.0 bidding_time=2015-07-24 07:18:01.387970+00:00',1,'',10,3),(206,'2015-07-24 07:18:09.404975','75','f [start_price=6.0 deadline=2015-07-25 16:05:00+00:00 seller=matmau] bidder=mastinux amount=9.0 bidding_time=2015-07-24 07:18:09.404139+00:00',1,'',10,3),(207,'2015-07-24 07:18:16.459765','76','f [start_price=6.0 deadline=2015-07-25 16:05:00+00:00 seller=matmau] bidder=fedfra amount=22.0 bidding_time=2015-07-24 07:18:16.459025+00:00',1,'',10,3),(208,'2015-07-24 07:18:29.444840','50','f [start_price=6.0 deadline=2015-07-24 07:18:00 seller=matmau]',2,'Changed deadline_time.',9,3),(209,'2015-07-24 07:19:05.912444','77','g [start_price=7.0 deadline=2015-07-27 16:05:00+00:00 seller=micfal] bidder=alecot amount=8.0 bidding_time=2015-07-24 07:19:05.911753+00:00',1,'',10,3),(210,'2015-07-24 07:19:18.277684','78','g [start_price=7.0 deadline=2015-07-27 16:05:00+00:00 seller=micfal] bidder=mastinux amount=10.0 bidding_time=2015-07-24 07:19:18.276636+00:00',1,'',10,3),(211,'2015-07-24 07:19:35.181457','79','g [start_price=7.0 deadline=2015-07-27 16:05:00+00:00 seller=micfal] bidder=hasben amount=90.0 bidding_time=2015-07-24 07:19:35.180552+00:00',1,'',10,3),(212,'2015-07-24 07:19:58.787808','51','g [start_price=7.0 deadline=2015-07-24 07:19:00 seller=micfal]',2,'Changed deadline_time.',9,3),(213,'2015-07-24 07:21:55.070057','80','e [start_price=5.0 deadline=2015-07-25 16:04:00+00:00 seller=mastinux] bidder=alecot amount=6.0 bidding_time=2015-07-24 07:21:55.068913+00:00',1,'',10,3),(214,'2015-07-24 07:22:03.264974','81','e [start_price=5.0 deadline=2015-07-25 16:04:00+00:00 seller=mastinux] bidder=annric amount=7.0 bidding_time=2015-07-24 07:22:03.264156+00:00',1,'',10,3),(215,'2015-07-24 07:22:16.348578','82','e [start_price=5.0 deadline=2015-07-25 16:04:00+00:00 seller=mastinux] bidder=fedfra amount=8.0 bidding_time=2015-07-24 07:22:16.347740+00:00',1,'',10,3),(216,'2015-07-24 07:22:59.351209','49','e [start_price=5.0 deadline=2015-07-24 07:22:00 seller=mastinux]',2,'Changed deadline_time.',9,3),(217,'2015-07-24 07:29:19.573000','83','h [start_price=2.0 deadline=2015-07-25 16:06:00+00:00 seller=neuro17] bidder=alecot amount=13.0 bidding_time=2015-07-24 07:29:19.572204+00:00',1,'',10,3),(218,'2015-07-24 07:29:32.655227','84','h [start_price=2.0 deadline=2015-07-25 16:06:00+00:00 seller=neuro17] bidder=annric amount=16.0 bidding_time=2015-07-24 07:29:32.654505+00:00',1,'',10,3),(219,'2015-07-24 07:29:49.536660','85','h [start_price=2.0 deadline=2015-07-25 16:06:00+00:00 seller=neuro17] bidder=hasben amount=80.0 bidding_time=2015-07-24 07:29:49.535476+00:00',1,'',10,3),(220,'2015-07-24 07:30:54.069149','52','h [start_price=2.0 deadline=2015-07-24 07:30:00 seller=neuro17]',2,'Changed deadline_time.',9,3),(221,'2015-07-24 07:31:27.955445','52','h [start_price=2.0 deadline=2015-07-24 07:31:00 seller=neuro17]',2,'Changed deadline_time.',9,3),(222,'2015-07-24 07:34:47.091676','49','e [start_price=5.0 deadline=2015-07-25 07:34:00 seller=mastinux]',2,'Changed deadline_time.',9,3),(223,'2015-07-24 07:35:07.627862','50','f [start_price=6.0 deadline=2015-07-26 07:35:00 seller=matmau]',2,'Changed deadline_time.',9,3),(224,'2015-07-24 07:41:25.396280','46','b [start_price=2.0 deadline=2015-07-25 07:41:00 seller=annric]',2,'Changed deadline_time.',9,3),(225,'2015-07-24 07:48:25.295068','52','h [start_price=2.0 deadline=2015-07-25 07:48:00 seller=neuro17]',2,'Changed deadline_time.',9,3),(226,'2015-07-24 07:48:32.158822','47','c [start_price=2.0 deadline=2015-07-26 07:48:00 seller=fedfra]',2,'Changed deadline_time.',9,3),(227,'2015-07-24 07:48:37.195064','46','b [start_price=2.0 deadline=2015-07-25 07:48:00 seller=annric]',2,'Changed deadline_time.',9,3),(228,'2015-07-24 07:48:42.082631','48','d [start_price=4.0 deadline=2015-07-25 07:48:00 seller=hasben]',2,'Changed deadline_time.',9,3),(229,'2015-07-24 07:48:45.854420','49','e [start_price=5.0 deadline=2015-07-25 07:48:00 seller=mastinux]',2,'Changed deadline_time.',9,3),(230,'2015-07-24 07:48:56.990210','51','g [start_price=7.0 deadline=2015-07-25 07:48:00 seller=micfal]',2,'Changed deadline_time.',9,3),(231,'2015-07-24 07:49:06.164084','45','a [start_price=1.0 deadline=2015-07-25 07:49:00 seller=alecot]',2,'Changed deadline_time.',9,3),(232,'2015-07-24 07:56:39.694812','53','i [start_price=1.0 deadline=2015-07-25 07:56:00 seller=annric]',1,'',9,3),(233,'2015-07-24 08:00:26.101531','54','l [start_price=1.0 deadline=2015-07-25 08:00:00 seller=auctionsuperuser]',1,'',9,3),(234,'2015-07-24 08:05:25.260635','88','a [start_price=1.0 deadline=2015-07-25 07:49:00+00:00 seller=alecot] bidder=auctionsuperuser amount=110.0 bidding_time=2015-07-24 08:05:25.259846+00:00',1,'',10,3),(235,'2015-07-24 08:05:35.772809','45','a [start_price=1.0 deadline=2015-07-24 08:05:00 seller=alecot]',2,'Changed deadline_time.',9,3),(236,'2015-07-24 08:20:42.024715','45','a [start_price=1.0 deadline=2015-07-25 08:20:00 seller=alecot]',2,'Changed deadline_time.',9,3),(237,'2015-07-24 08:20:57.804084','89','a [start_price=1.0 deadline=2015-07-25 08:20:00+00:00 seller=alecot] bidder=auctionsuperuser amount=120.0 bidding_time=2015-07-24 08:20:57.803342+00:00',1,'',10,3),(238,'2015-07-24 08:21:08.609493','45','a [start_price=1.0 deadline=2015-07-24 08:21:00 seller=alecot]',2,'Changed deadline_time.',9,3),(239,'2015-07-24 08:38:07.993137','55','m [start_price=1.0 deadline=2015-07-25 08:38:00 seller=alecot]',1,'',9,3),(240,'2015-07-24 08:38:27.420203','56','n [start_price=2.0 deadline=2015-07-26 08:38:00 seller=annric]',1,'',9,3),(241,'2015-07-24 08:39:19.233820','57','o [start_price=3.0 deadline=2015-07-26 08:39:00 seller=auctionsuperuser]',1,'',9,3),(242,'2015-07-24 08:39:47.347699','58','p [start_price=2.0 deadline=2015-07-26 08:39:00 seller=fedfra]',1,'',9,3),(243,'2015-07-24 08:40:17.998499','59','q [start_price=2.0 deadline=2015-07-26 08:40:00 seller=hasben]',1,'',9,3),(244,'2015-07-24 08:40:41.982304','60','r [start_price=1.0 deadline=2015-07-27 08:40:00 seller=mastinux]',1,'',9,3),(245,'2015-07-24 09:04:28.110135','87','g [start_price=7.0 deadline=2015-07-25 07:48:00+00:00 seller=micfal] bidder=auctionsuperuser amount=90.02 bidding_time=2015-07-24 07:55:40.730078+00:00',3,'',10,3),(246,'2015-07-25 09:00:36.366842','61','s [start_price=1.0 deadline=2015-07-26 09:00:00 seller=annric]',1,'',9,3),(247,'2015-07-25 09:00:55.407429','62','t [start_price=2.0 deadline=2015-07-27 09:00:00 seller=hasben]',1,'',9,3),(248,'2015-07-25 09:01:24.097802','63','u [start_price=4.0 deadline=2015-07-28 09:01:00 seller=hasben]',1,'',9,3),(249,'2015-07-25 09:43:32.607624','57','o [start_price=3.0 deadline=2015-07-26 08:39:00+00:00 seller=auctionsuperuser]',3,'',9,3),(250,'2015-07-25 09:44:11.896433','64','o [start_price=1.0 deadline=2015-07-27 09:44:00 seller=annric]',1,'',9,3),(251,'2015-07-25 09:45:13.633425','51','g [start_price=7.0 deadline=2015-07-26 09:45:00 seller=micfal]',2,'Changed deadline_time.',9,3),(252,'2015-07-25 12:41:06.140374','63','u [start_price=4.0 deadline=2015-07-25 12:41:00 seller=hasben]',2,'Changed deadline_time.',9,3),(253,'2015-07-25 12:41:21.251851','45','a [start_price=1.0 deadline=2015-07-26 12:41:00 seller=alecot]',2,'Changed deadline_time.',9,3),(254,'2015-07-25 13:29:05.789635','66','v [start_price=1.0 deadline=2015-07-27 13:29:00 seller=alecot]',1,'',9,3),(255,'2015-07-25 13:29:33.992131','67','x [start_price=5.0 deadline=2015-07-28 13:29:00 seller=annric]',1,'',9,3),(256,'2015-07-25 13:29:56.832781','68','z [start_price=1.0 deadline=2015-07-27 13:29:00 seller=annric]',1,'',9,3),(257,'2015-07-26 09:21:35.662774','72','pl [start_price=1.0 deadline=2015-07-27 09:21:00 seller=alecot]',1,'',9,3),(258,'2015-07-26 14:39:37.501110','108','asdfasdf [start_price=1.0 deadline=2016-01-01 14:14:00+00:00 seller=annric]',3,'',9,3),(259,'2015-07-26 14:39:37.538404','107','antenna [start_price=1.0 deadline=2016-01-01 14:07:00+00:00 seller=annric]',3,'',9,3),(260,'2015-07-26 14:39:37.572431','106','calo [start_price=1.0 deadline=2016-01-01 14:05:00+00:00 seller=annric]',3,'',9,3),(261,'2015-07-26 14:39:37.605303','105','cariola [start_price=1.0 deadline=2016-02-01 13:58:00+00:00 seller=annric]',3,'',9,3),(262,'2015-07-26 14:39:37.639209','104','cariola [start_price=1.0 deadline=2016-02-01 13:54:00+00:00 seller=annric]',3,'',9,3),(263,'2015-07-26 14:39:37.672386','103','cariola [start_price=1.0 deadline=2016-02-01 13:53:00+00:00 seller=annric]',3,'',9,3),(264,'2015-07-26 14:39:37.706199','102','cariola [start_price=1.0 deadline=2016-02-01 13:52:00+00:00 seller=annric]',3,'',9,3),(265,'2015-07-26 14:39:37.739583','101','cariola [start_price=1.0 deadline=2016-02-01 13:52:00+00:00 seller=annric]',3,'',9,3),(266,'2015-07-26 14:39:37.773138','100','cariola [start_price=1.0 deadline=2016-02-01 13:50:00+00:00 seller=annric]',3,'',9,3),(267,'2015-07-26 14:39:37.806678','99','cariola [start_price=1.0 deadline=2016-02-01 13:46:00+00:00 seller=annric]',3,'',9,3),(268,'2015-07-26 14:39:37.840119','98','cariola [start_price=1.0 deadline=2016-02-01 13:44:00+00:00 seller=annric]',3,'',9,3),(269,'2015-07-26 14:39:37.873744','97','cariola [start_price=1.0 deadline=2016-02-01 13:44:00+00:00 seller=annric]',3,'',9,3),(270,'2015-07-26 14:39:37.907249','96','carciofo [start_price=1.0 deadline=2016-01-01 13:42:00+00:00 seller=annric]',3,'',9,3),(271,'2015-07-26 14:39:37.940616','95','polipo [start_price=1.0 deadline=2016-01-01 13:41:00+00:00 seller=annric]',3,'',9,3),(272,'2015-07-26 14:39:37.974171','94','polipo [start_price=1.0 deadline=2016-01-01 13:39:00+00:00 seller=annric]',3,'',9,3),(273,'2015-07-26 14:39:38.018706','93','polipo [start_price=1.0 deadline=2016-01-01 13:37:00+00:00 seller=annric]',3,'',9,3),(274,'2015-07-26 14:39:38.052172','92','polipo [start_price=1.0 deadline=2016-01-01 13:36:00+00:00 seller=annric]',3,'',9,3),(275,'2015-07-26 14:39:38.085662','91','polipo [start_price=1.0 deadline=2016-01-01 13:36:00+00:00 seller=annric]',3,'',9,3),(276,'2015-07-26 14:39:38.119098','90','polipo [start_price=1.0 deadline=2016-01-01 13:35:00+00:00 seller=annric]',3,'',9,3),(277,'2015-07-26 14:39:38.152220','89','polipo [start_price=1.0 deadline=2016-01-01 13:34:00+00:00 seller=annric]',3,'',9,3),(278,'2015-07-26 14:39:38.185771','88','polipo [start_price=1.0 deadline=2016-01-01 13:34:00+00:00 seller=annric]',3,'',9,3),(279,'2015-07-26 14:39:38.219613','87','polipo [start_price=1.0 deadline=2016-01-01 13:33:00+00:00 seller=annric]',3,'',9,3),(280,'2015-07-26 14:39:38.253057','86','polipo [start_price=1.0 deadline=2016-01-01 13:31:00+00:00 seller=annric]',3,'',9,3),(281,'2015-07-26 14:39:38.286168','85','polipo [start_price=1.0 deadline=2016-01-01 13:31:00+00:00 seller=annric]',3,'',9,3),(282,'2015-07-26 14:39:38.320060','84','cavolo [start_price=1.0 deadline=2016-01-01 13:13:00+00:00 seller=annric]',3,'',9,3),(283,'2015-07-26 14:39:38.353353','83','collana [start_price=1.0 deadline=2016-01-01 13:09:00+00:00 seller=annric]',3,'',9,3),(284,'2015-07-26 14:39:38.386675','82','cipolla [start_price=1.0 deadline=2016-01-01 13:07:00+00:00 seller=annric]',3,'',9,3),(285,'2015-07-26 14:39:38.487469','81','cappello [start_price=6.0 deadline=2016-01-01 13:01:00+00:00 seller=annric]',3,'',9,3),(286,'2015-07-26 14:39:38.521106','80','borsellino [start_price=1.0 deadline=2016-01-01 12:30:00+00:00 seller=matmau]',3,'',9,3),(287,'2015-07-26 14:39:38.554214','79','telefono [start_price=1.0 deadline=2016-01-01 12:28:00+00:00 seller=matmau]',3,'',9,3),(288,'2015-07-26 14:39:38.632759','78','ovolollo [start_price=1.0 deadline=2016-01-01 09:52:00+00:00 seller=matmau]',3,'',9,3),(289,'2015-07-26 14:39:38.666075','77','pollo [start_price=1.0 deadline=2016-01-01 09:52:00+00:00 seller=matmau]',3,'',9,3),(290,'2015-07-26 14:39:38.699459','76','camicia [start_price=1.0 deadline=2016-01-01 09:49:00+00:00 seller=matmau]',3,'',9,3),(291,'2015-07-26 14:39:38.732838','75','lampada [start_price=1.0 deadline=2016-01-01 09:45:00+00:00 seller=matmau]',3,'',9,3),(292,'2015-07-26 14:39:38.766745','74','vincenzo [start_price=1.0 deadline=2016-01-01 09:35:00+00:00 seller=auctionsuperuser]',3,'',9,3),(293,'2015-07-26 14:39:38.799956','73','vincenzo2 [start_price=1.0 deadline=2016-02-01 09:23:00+00:00 seller=matmau]',3,'',9,3),(294,'2015-07-26 14:39:38.833065','72','pl [start_price=1.0 deadline=2015-07-27 09:21:00+00:00 seller=alecot]',3,'',9,3),(295,'2015-07-26 14:39:38.867116','71','vincenzo [start_price=1.0 deadline=2016-02-05 09:20:00+00:00 seller=auctionsuperuser]',3,'',9,3),(296,'2015-07-26 14:39:38.900519','65','product_auctionsuperuser [start_price=2.0 deadline=2015-07-29 12:45:00+00:00 seller=auctionsuperuser]',3,'',9,3),(297,'2015-07-26 15:15:15.421049','119','fasdfsadf [start_price=2.0 deadline=2017-01-02 15:14:00+00:00 seller=auctionsuperuser]',3,'',9,3),(298,'2015-07-26 15:15:15.470517','118','asdfasdf [start_price=1.0 deadline=2016-01-01 15:12:00+00:00 seller=auctionsuperuser]',3,'',9,3),(299,'2015-07-26 15:15:15.503372','117','asdfasdfsadf [start_price=1.0 deadline=2016-02-01 15:10:00+00:00 seller=auctionsuperuser]',3,'',9,3),(300,'2015-07-26 15:15:15.536841','116','sadfasdfsadf [start_price=1.0 deadline=2016-04-01 15:09:00+00:00 seller=auctionsuperuser]',3,'',9,3),(301,'2015-07-26 15:15:15.570854','115','sadfasdfsadf [start_price=1.0 deadline=2016-04-01 15:09:00+00:00 seller=auctionsuperuser]',3,'',9,3),(302,'2015-07-26 15:15:15.604135','114','sadfasdfsadf [start_price=1.0 deadline=2016-04-01 15:08:00+00:00 seller=auctionsuperuser]',3,'',9,3),(303,'2015-07-26 15:15:15.637780','113','sadfasfdsadf [start_price=1.0 deadline=2016-01-01 15:07:00+00:00 seller=auctionsuperuser]',3,'',9,3),(304,'2015-07-26 15:15:15.670959','112','asfasfdas [start_price=1.0 deadline=2016-01-01 15:06:00+00:00 seller=auctionsuperuser]',3,'',9,3),(305,'2015-07-26 15:15:15.715681','111','sfasdf [start_price=1.0 deadline=2017-01-02 15:05:00+00:00 seller=auctionsuperuser]',3,'',9,3),(306,'2015-07-26 15:15:15.749296','110','dfsadfsadg [start_price=1.0 deadline=2016-01-01 15:03:00+00:00 seller=auctionsuperuser]',3,'',9,3),(307,'2015-07-26 15:15:15.783082','109','asdfasdf [start_price=1.0 deadline=2016-02-01 15:02:00+00:00 seller=auctionsuperuser]',3,'',9,3),(308,'2015-07-26 16:14:17.320308','4','alecot',2,'Changed password.',4,3),(309,'2015-07-26 16:14:37.003332','5','annric',2,'Changed password.',4,3),(310,'2015-07-26 16:14:46.853614','6','fedfra',2,'Changed password.',4,3),(311,'2015-07-26 16:14:55.922842','7','hasben',2,'Changed password.',4,3),(312,'2015-07-26 16:15:10.571121','1','mastinux',2,'Changed password.',4,3),(313,'2015-07-26 16:15:18.987304','9','matmau',2,'Changed password.',4,3),(314,'2015-07-26 16:15:28.161277','8','micfal',2,'Changed password.',4,3),(315,'2015-07-26 16:15:52.658546','2','neuro17',2,'Changed password.',4,3),(316,'2015-07-26 16:17:05.630107','121','cc [start_price=16.0 deadline=2015-07-28 16:17:00 seller=auctionsuperuser]',2,'Changed deadline_time.',9,3),(317,'2015-07-26 16:17:11.490332','120','Ray Ban [start_price=30.0 deadline=2015-07-28 16:17:00 seller=matmau]',2,'Changed deadline_time.',9,3),(318,'2015-07-26 16:17:19.124588','70','bb [start_price=6.0 deadline=2015-07-28 16:17:00 seller=fedfra]',2,'Changed deadline_time.',9,3),(319,'2015-07-26 16:17:25.250581','69','aa [start_price=1.0 deadline=2015-07-28 16:17:00 seller=fedfra]',2,'Changed deadline_time.',9,3),(320,'2015-07-26 16:17:34.031693','67','x [start_price=5.0 deadline=2015-07-27 16:17:00 seller=annric]',2,'Changed deadline_time.',9,3),(321,'2015-07-26 16:30:17.019313','120','Ray Ban [start_price=30.0 deadline=2015-07-26 16:30:00 seller=matmau]',2,'Changed deadline_time.',9,3),(322,'2015-07-26 19:30:28.420296','127','ffasdf [start_price=1.0 deadline=2016-01-01 18:53:00+00:00 seller=matmau]',3,'',9,3),(323,'2015-07-26 19:30:28.456345','128','asfdasf [start_price=2.0 deadline=2016-01-01 18:55:00+00:00 seller=matmau]',3,'',9,3),(324,'2015-07-26 19:30:28.489743','129','sdfasdfsdf [start_price=4.0 deadline=2016-01-01 18:55:00+00:00 seller=matmau]',3,'',9,3),(325,'2015-07-26 19:30:28.523024','130','asdfsadf [start_price=2.0 deadline=2016-01-01 18:57:00+00:00 seller=matmau]',3,'',9,3),(326,'2015-07-26 19:30:28.556602','132','LAKSJDFLKASD [start_price=2.0 deadline=2017-03-01 19:04:00+00:00 seller=micfal]',3,'',9,3),(327,'2015-07-27 07:55:12.130802','133','Cavolfiore [start_price=1.0 deadline=2015-07-27 07:55:00 seller=micfal]',2,'Changed deadline_time.',9,3),(328,'2015-07-27 07:55:21.217267','131','Box [start_price=2.0 deadline=2015-07-27 07:55:00 seller=matmau]',2,'Changed deadline_time.',9,3),(329,'2015-07-27 07:55:27.996552','126','Hydra [start_price=5000.0 deadline=2015-07-27 07:55:00 seller=micfal]',2,'Changed deadline_time.',9,3),(330,'2015-07-27 07:55:36.991938','125','Tablet [start_price=96.0 deadline=2015-07-27 07:55:00 seller=matmau]',2,'Changed deadline_time.',9,3),(331,'2015-09-03 17:41:47.048170','134','Coca Cola [start_price=5.0 deadline=2015-09-04 17:41:00 seller=neuro17]',2,'Changed deadline_time.',9,3),(332,'2015-09-03 17:42:46.107437','133','Cavolfiore [start_price=1.0 deadline=2015-09-05 17:42:00 seller=micfal]',2,'Changed deadline_time.',9,3),(333,'2015-09-03 17:42:51.252464','131','Box [start_price=2.0 deadline=2015-09-06 17:42:00 seller=matmau]',2,'Changed deadline_time.',9,3),(334,'2015-09-03 17:42:56.467133','126','Hydra [start_price=5000.0 deadline=2015-09-04 17:42:00 seller=micfal]',2,'Changed deadline_time.',9,3),(335,'2015-09-03 17:43:02.280719','125','Tablet [start_price=96.0 deadline=2015-09-05 17:43:00 seller=matmau]',2,'Changed deadline_time.',9,3),(336,'2015-09-03 17:43:06.253155','124','Spalding Basketball [start_price=12.0 deadline=2015-09-04 17:43:00 seller=matmau]',2,'Changed deadline_time.',9,3),(337,'2015-09-03 17:43:09.937516','123','Velvet chair [start_price=25.0 deadline=2015-09-06 17:43:00 seller=hasben]',2,'Changed deadline_time.',9,3),(338,'2015-09-03 17:43:13.773178','122','Black Ray Ban [start_price=50.0 deadline=2015-09-06 17:43:00 seller=fedfra]',2,'Changed deadline_time.',9,3),(339,'2015-09-03 17:43:17.737564','120','Ray Ban [start_price=30.0 deadline=2015-09-04 17:43:00 seller=matmau]',2,'Changed deadline_time.',9,3),(340,'2015-09-04 10:22:31.922840','122','Black Ray Ban [start_price=50.0 deadline=2015-09-06 10:22:00 seller=fedfra]',2,'Changed deadline_time.',9,3),(341,'2015-09-04 10:22:51.158244','125','Tablet [start_price=96.0 deadline=2015-09-04 10:22:00 seller=matmau]',2,'Changed deadline_time.',9,3),(342,'2015-09-04 10:23:13.224410','133','Cavolfiore [start_price=1.0 deadline=2015-09-04 10:23:00 seller=micfal]',2,'Changed deadline_time.',9,3),(343,'2015-09-04 10:23:22.815132','123','Velvet chair [start_price=25.0 deadline=2015-09-04 10:23:00 seller=hasben]',2,'Changed deadline_time.',9,3),(344,'2015-09-07 15:27:50.281309','135','Penna Bic [start_price=1.0 deadline=2015-09-08 15:27:00 seller=matmau]',2,'Changed deadline_time.',9,3),(345,'2015-09-07 15:27:56.223902','134','Coca Cola [start_price=5.0 deadline=2015-09-09 15:27:00 seller=neuro17]',2,'Changed deadline_time.',9,3),(346,'2015-09-07 15:28:08.829743','120','Ray Ban [start_price=30.0 deadline=2015-09-08 15:28:00 seller=matmau]',2,'Changed deadline_time.',9,3),(347,'2015-09-07 15:28:16.308117','122','Black Ray Ban [start_price=50.0 deadline=2015-09-08 15:28:00 seller=fedfra]',2,'Changed deadline_time.',9,3),(348,'2015-09-07 15:28:25.593740','123','Velvet chair [start_price=25.0 deadline=2015-09-08 15:28:00 seller=hasben]',2,'Changed deadline_time.',9,3),(349,'2015-09-07 15:28:47.956358','124','Spalding Basketball [start_price=12.0 deadline=2015-09-09 15:28:00 seller=matmau]',2,'Changed deadline_time.',9,3),(350,'2015-09-07 15:28:57.312743','125','Tablet [start_price=96.0 deadline=2015-09-09 15:28:00 seller=matmau]',2,'Changed deadline_time.',9,3),(351,'2015-09-07 15:29:04.177098','126','Hydra [start_price=5000.0 deadline=2015-09-08 15:29:00 seller=micfal]',2,'Changed deadline_time.',9,3),(352,'2015-09-07 15:29:09.282151','131','Box [start_price=2.0 deadline=2015-09-09 15:29:00 seller=matmau]',2,'Changed deadline_time.',9,3),(353,'2015-09-07 15:29:28.896283','133','Cavolfiore [start_price=1.0 deadline=2015-09-07 15:29:00 seller=micfal]',2,'Changed deadline_time.',9,3),(354,'2015-09-08 14:33:01.629588','136','Caffettiera [start_price=2.0 deadline=2015-09-18 14:33:00 seller=alecot]',1,'',9,3),(355,'2015-09-08 14:33:33.245966','137','Calendario [start_price=0.2 deadline=2015-09-10 14:33:00 seller=annric]',1,'',9,3),(356,'2015-09-08 14:34:01.080709','138','Htc Desire [start_price=50.0 deadline=2015-09-19 14:34:00 seller=fedfra]',1,'',9,3),(357,'2015-09-08 16:44:39.531444','147','Lana [start_price=1.0 deadline=2015-09-09 16:43:00+00:00 seller=hasben]',3,'',9,3),(358,'2015-09-08 16:44:39.634676','146','Cappello [start_price=1.0 deadline=2015-09-09 16:40:00+00:00 seller=hasben]',3,'',9,3),(359,'2015-09-08 16:44:39.679304','145','Astronave [start_price=1.0 deadline=2015-09-09 16:39:00+00:00 seller=hasben]',3,'',9,3),(360,'2015-09-08 16:44:39.723981','144','Ciappa [start_price=6.0 deadline=2015-09-09 16:33:00+00:00 seller=hasben]',3,'',9,3),(361,'2015-09-08 16:44:39.768503','143','Girandola [start_price=1.0 deadline=2015-09-09 16:32:00+00:00 seller=hasben]',3,'',9,3),(362,'2015-09-08 16:44:39.824250','142','Foglio [start_price=0.2 deadline=2015-09-11 16:17:00+00:00 seller=hasben]',3,'',9,3),(363,'2015-09-08 18:03:10.765994','174','sfdasfdasfd [start_price=1.0 deadline=2015-09-09 18:01:00+00:00 seller=annric]',3,'',9,3),(364,'2015-09-08 18:03:10.818610','173','asdfasdf [start_price=1.0 deadline=2015-09-09 17:56:00+00:00 seller=annric]',3,'',9,3),(365,'2015-09-08 18:03:10.852158','172','asdfasdfasfd [start_price=1.0 deadline=2015-09-09 17:55:00+00:00 seller=annric]',3,'',9,3),(366,'2015-09-08 18:03:10.885938','171','sfsfdas [start_price=1.0 deadline=2015-09-09 17:51:00+00:00 seller=annric]',3,'',9,3),(367,'2015-09-08 18:03:10.919480','170','fassdfasfd [start_price=1.0 deadline=2015-09-09 17:50:00+00:00 seller=annric]',3,'',9,3),(368,'2015-09-08 18:03:10.952460','169','fassdfasfd [start_price=1.0 deadline=2015-09-09 17:49:00+00:00 seller=annric]',3,'',9,3),(369,'2015-09-08 18:03:10.986800','168','fassdfasfd [start_price=1.0 deadline=2015-09-09 17:48:00+00:00 seller=annric]',3,'',9,3),(370,'2015-09-08 18:03:11.019775','167','asdfasdgag [start_price=1.0 deadline=2015-09-09 17:45:00+00:00 seller=annric]',3,'',9,3),(371,'2015-09-08 18:03:11.053360','166','asdfs [start_price=1.0 deadline=2015-09-09 17:44:00+00:00 seller=annric]',3,'',9,3),(372,'2015-09-08 18:03:11.086626','165','sdfasdf [start_price=1.0 deadline=2015-09-09 17:40:00+00:00 seller=annric]',3,'',9,3),(373,'2015-09-08 18:03:11.120218','164','fasfd [start_price=1.0 deadline=2015-09-09 17:39:00+00:00 seller=annric]',3,'',9,3),(374,'2015-09-08 18:03:27.569146','158','Valigia [start_price=1.0 deadline=2015-09-09 17:27:00+00:00 seller=annric]',3,'',9,3),(375,'2015-09-08 18:03:36.660236','162','Valanga [start_price=2.0 deadline=2015-09-09 18:03:00 seller=fedfra]',2,'Changed seller.',9,3),(376,'2015-09-08 18:03:42.212398','161','Nenna [start_price=1.0 deadline=2015-09-09 18:03:00 seller=hasben]',2,'Changed seller.',9,3),(377,'2015-09-08 18:03:48.624333','160','Torta [start_price=2.0 deadline=2015-09-09 18:03:00 seller=matmau]',2,'Changed seller.',9,3),(378,'2015-09-08 18:04:01.027758','159','Valigia [start_price=1.0 deadline=2015-09-09 18:04:00 seller=neuro17]',2,'Changed seller.',9,3),(379,'2015-09-08 18:04:11.069918','157','Paracadute [start_price=1.0 deadline=2015-09-09 18:04:00 seller=mastinux]',2,'Changed seller.',9,3),(380,'2015-09-08 18:04:22.685792','156','Orologio [start_price=2.0 deadline=2015-09-09 18:04:00 seller=micfal]',2,'Changed seller.',9,3),(381,'2015-09-08 18:04:29.791972','155','Bilancia [start_price=2.0 deadline=2015-09-09 18:04:00 seller=fedfra]',2,'Changed seller.',9,3),(382,'2015-09-09 12:35:01.781164','177','Orologio [start_price=1.0 deadline=2015-09-11 12:14:00+00:00 seller=micfal]',3,'',9,3),(383,'2015-09-09 12:35:01.828467','176','fagfadfg [start_price=0.07 deadline=2015-09-09 18:26:00+00:00 seller=micfal]',3,'',9,3),(384,'2015-09-09 12:35:01.862380','175','afasfdsd [start_price=0.01 deadline=2015-09-09 18:22:00+00:00 seller=micfal]',3,'',9,3),(385,'2015-09-09 13:56:37.171166','182','Orologio [start_price=44.0 deadline=2015-09-10 13:49:00+00:00 seller=micfal]',3,'',9,3),(386,'2015-09-09 13:56:37.240641','181','Orologio [start_price=46.0 deadline=2015-09-10 13:48:00+00:00 seller=micfal]',3,'',9,3),(387,'2015-09-09 13:56:37.318751','180','Orologio [start_price=50.0 deadline=2015-09-20 13:43:00+00:00 seller=micfal]',3,'',9,3),(388,'2015-09-09 13:56:37.374738','179','Orologio [start_price=0.01 deadline=2015-09-10 12:38:00+00:00 seller=micfal]',3,'',9,3),(389,'2015-09-09 13:56:37.408534','178','Orologio [start_price=50.0 deadline=2015-09-10 12:35:00+00:00 seller=micfal]',3,'',9,3),(390,'2015-09-09 14:21:00.002536','183','Orologio [start_price=56.0 deadline=2015-09-10 14:04:00+00:00 seller=annric]',3,'',9,3),(391,'2015-09-09 14:39:50.391863','190','No image product [start_price=0.01 deadline=2015-09-10 14:38:00+00:00 seller=alecot]',3,'',9,3),(392,'2015-09-09 14:39:50.426475','137','Calendario [start_price=0.2 deadline=2015-09-10 14:33:00+00:00 seller=annric]',3,'',9,3),(393,'2015-09-09 14:41:43.036184','149','Padella [start_price=2.0 deadline=2015-09-09 16:52:00+00:00 seller=annric]',3,'',9,3),(394,'2015-09-09 14:42:09.769976','153','Pollo [start_price=2.0 deadline=2015-09-09 17:19:00+00:00 seller=annric]',3,'',9,3),(395,'2015-09-09 14:44:00.714667','52','h [start_price=2.0 deadline=2015-07-25 07:48:00+00:00 seller=neuro17]',3,'',9,3),(396,'2015-09-09 14:44:00.757659','49','e [start_price=5.0 deadline=2015-07-25 07:48:00+00:00 seller=mastinux]',3,'',9,3),(397,'2015-09-09 14:44:00.791149','48','d [start_price=4.0 deadline=2015-07-25 07:48:00+00:00 seller=hasben]',3,'',9,3),(398,'2015-09-09 14:44:00.824485','46','b [start_price=2.0 deadline=2015-07-25 07:48:00+00:00 seller=annric]',3,'',9,3),(399,'2015-09-09 14:44:00.858159','53','i [start_price=1.0 deadline=2015-07-25 07:56:00+00:00 seller=annric]',3,'',9,3),(400,'2015-09-09 14:44:00.891677','54','l [start_price=1.0 deadline=2015-07-25 08:00:00+00:00 seller=auctionsuperuser]',3,'',9,3),(401,'2015-09-09 14:44:00.925101','55','m [start_price=1.0 deadline=2015-07-25 08:38:00+00:00 seller=alecot]',3,'',9,3),(402,'2015-09-09 14:44:00.958890','63','u [start_price=4.0 deadline=2015-07-25 12:41:00+00:00 seller=hasben]',3,'',9,3),(403,'2015-09-09 14:44:00.992273','50','f [start_price=6.0 deadline=2015-07-26 07:35:00+00:00 seller=matmau]',3,'',9,3),(404,'2015-09-09 14:44:01.036930','47','c [start_price=2.0 deadline=2015-07-26 07:48:00+00:00 seller=fedfra]',3,'',9,3),(405,'2015-09-09 14:44:01.070389','56','n [start_price=2.0 deadline=2015-07-26 08:38:00+00:00 seller=annric]',3,'',9,3),(406,'2015-09-09 14:44:01.103919','58','p [start_price=2.0 deadline=2015-07-26 08:39:00+00:00 seller=fedfra]',3,'',9,3),(407,'2015-09-09 14:44:01.137595','59','q [start_price=2.0 deadline=2015-07-26 08:40:00+00:00 seller=hasben]',3,'',9,3),(408,'2015-09-09 14:44:01.171182','61','s [start_price=1.0 deadline=2015-07-26 09:00:00+00:00 seller=annric]',3,'',9,3),(409,'2015-09-09 14:44:01.204757','51','g [start_price=7.0 deadline=2015-07-26 09:45:00+00:00 seller=micfal]',3,'',9,3),(410,'2015-09-09 14:44:01.282669','45','a [start_price=1.0 deadline=2015-07-26 12:41:00+00:00 seller=alecot]',3,'',9,3),(411,'2015-09-09 14:44:01.316022','60','r [start_price=1.0 deadline=2015-07-27 08:40:00+00:00 seller=mastinux]',3,'',9,3),(412,'2015-09-09 14:44:01.349850','62','t [start_price=2.0 deadline=2015-07-27 09:00:00+00:00 seller=hasben]',3,'',9,3),(413,'2015-09-09 14:44:01.382585','64','o [start_price=1.0 deadline=2015-07-27 09:44:00+00:00 seller=annric]',3,'',9,3),(414,'2015-09-09 14:44:01.416722','68','z [start_price=1.0 deadline=2015-07-27 13:29:00+00:00 seller=annric]',3,'',9,3),(415,'2015-09-09 14:44:01.449994','66','v [start_price=1.0 deadline=2015-07-27 13:29:00+00:00 seller=alecot]',3,'',9,3),(416,'2015-09-09 14:44:01.483437','67','x [start_price=5.0 deadline=2015-07-27 16:17:00+00:00 seller=annric]',3,'',9,3),(417,'2015-09-09 14:44:01.516883','121','cc [start_price=16.0 deadline=2015-07-28 16:17:00+00:00 seller=auctionsuperuser]',3,'',9,3),(418,'2015-09-09 14:44:01.561652','70','bb [start_price=6.0 deadline=2015-07-28 16:17:00+00:00 seller=fedfra]',3,'',9,3),(419,'2015-09-09 14:44:01.662054','69','aa [start_price=1.0 deadline=2015-07-28 16:17:00+00:00 seller=fedfra]',3,'',9,3),(420,'2015-09-09 14:44:01.706552','133','Cavolfiore [start_price=1.0 deadline=2015-09-07 15:29:00+00:00 seller=micfal]',3,'',9,3),(421,'2015-09-09 14:44:01.751075','135','Penna Bic [start_price=1.0 deadline=2015-09-08 15:27:00+00:00 seller=matmau]',3,'',9,3),(422,'2015-09-09 14:44:01.806864','123','Velvet chair [start_price=25.0 deadline=2015-09-08 15:28:00+00:00 seller=hasben]',3,'',9,3),(423,'2015-09-09 14:44:01.851102','122','Black Ray Ban [start_price=50.0 deadline=2015-09-08 15:28:00+00:00 seller=fedfra]',3,'',9,3),(424,'2015-09-09 14:44:01.895793','120','Ray Ban [start_price=30.0 deadline=2015-09-08 15:28:00+00:00 seller=matmau]',3,'',9,3),(425,'2015-09-09 14:44:01.940333','126','Hydra [start_price=5000.0 deadline=2015-09-08 15:29:00+00:00 seller=micfal]',3,'',9,3),(426,'2015-09-09 14:44:01.985014','134','Coca Cola [start_price=5.0 deadline=2015-09-09 15:27:00+00:00 seller=neuro17]',3,'',9,3),(427,'2015-09-09 14:44:02.029723','125','Tablet [start_price=96.0 deadline=2015-09-09 15:28:00+00:00 seller=matmau]',3,'',9,3),(428,'2015-09-09 14:44:02.062971','124','Spalding Basketball [start_price=12.0 deadline=2015-09-09 15:28:00+00:00 seller=matmau]',3,'',9,3),(429,'2015-09-09 14:44:02.096801','131','Box [start_price=2.0 deadline=2015-09-09 15:29:00+00:00 seller=matmau]',3,'',9,3),(430,'2015-09-09 14:44:02.130336','140','Pannolino [start_price=0.5 deadline=2015-09-09 16:05:00+00:00 seller=hasben]',3,'',9,3),(431,'2015-09-09 14:44:02.163674','141','Tappo [start_price=1.0 deadline=2015-09-09 16:16:00+00:00 seller=hasben]',3,'',9,3),(432,'2015-09-09 14:44:02.197162','148','Calamaro [start_price=1.0 deadline=2015-09-09 16:46:00+00:00 seller=annric]',3,'',9,3),(433,'2015-09-09 14:44:02.230717','152','Coca Cola [start_price=2.0 deadline=2015-09-09 17:19:00+00:00 seller=annric]',3,'',9,3),(434,'2015-09-09 14:44:02.263737','154','Cuffie [start_price=1.0 deadline=2015-09-09 17:22:00+00:00 seller=annric]',3,'',9,3),(435,'2015-09-09 14:44:02.297221','163','Calcio [start_price=1.0 deadline=2015-09-09 17:35:00+00:00 seller=annric]',3,'',9,3),(436,'2015-09-09 14:44:02.331028','162','Valanga [start_price=2.0 deadline=2015-09-09 18:03:00+00:00 seller=fedfra]',3,'',9,3),(437,'2015-09-09 14:44:02.364223','161','Nenna [start_price=1.0 deadline=2015-09-09 18:03:00+00:00 seller=hasben]',3,'',9,3),(438,'2015-09-09 14:44:02.397819','160','Torta [start_price=2.0 deadline=2015-09-09 18:03:00+00:00 seller=matmau]',3,'',9,3),(439,'2015-09-09 14:44:02.433570','159','Valigia [start_price=1.0 deadline=2015-09-09 18:04:00+00:00 seller=neuro17]',3,'',9,3),(440,'2015-09-09 14:44:02.465236','157','Paracadute [start_price=1.0 deadline=2015-09-09 18:04:00+00:00 seller=mastinux]',3,'',9,3),(441,'2015-09-09 14:44:02.498650','156','Orologio [start_price=2.0 deadline=2015-09-09 18:04:00+00:00 seller=micfal]',3,'',9,3),(442,'2015-09-09 14:44:02.578169','155','Bilancia [start_price=2.0 deadline=2015-09-09 18:04:00+00:00 seller=fedfra]',3,'',9,3),(443,'2015-09-09 14:44:02.645499','184','Orologio [start_price=45.0 deadline=2015-09-10 14:26:00+00:00 seller=hasben]',3,'',9,3),(444,'2015-09-09 14:44:02.679106','185','Orologio [start_price=5.0 deadline=2015-09-10 14:27:00+00:00 seller=hasben]',3,'',9,3),(445,'2015-09-09 14:44:02.712539','186','Orologio [start_price=5.0 deadline=2015-09-10 14:30:00+00:00 seller=hasben]',3,'',9,3),(446,'2015-09-09 14:44:02.746038','187','Palla Basket [start_price=1.0 deadline=2015-09-10 14:33:00+00:00 seller=hasben]',3,'',9,3),(447,'2015-09-09 14:44:02.779028','191','Product without image [start_price=0.01 deadline=2015-09-10 14:40:00+00:00 seller=auctionsuperuser]',3,'',9,3),(448,'2015-09-09 14:44:02.812522','150','Cavallo [start_price=1.0 deadline=2015-09-10 16:53:00+00:00 seller=annric]',3,'',9,3),(449,'2015-09-09 14:44:02.846584','151','Lavello [start_price=1.0 deadline=2015-09-10 16:54:00+00:00 seller=annric]',3,'',9,3),(450,'2015-09-09 14:44:02.880129','139','Portamonete [start_price=1.0 deadline=2015-09-11 15:14:00+00:00 seller=micfal]',3,'',9,3),(451,'2015-09-09 14:44:02.913616','188','Jet Privato [start_price=1000.0 deadline=2015-09-17 14:35:00+00:00 seller=annric]',3,'',9,3),(452,'2015-09-09 14:44:02.946624','136','Caffettiera [start_price=2.0 deadline=2015-09-18 14:33:00+00:00 seller=alecot]',3,'',9,3),(453,'2015-09-09 14:44:02.980251','138','Htc Desire [start_price=50.0 deadline=2015-09-19 14:34:00+00:00 seller=fedfra]',3,'',9,3),(454,'2015-09-09 14:44:03.013910','189','Sedia in velluto [start_price=45.0 deadline=2015-09-30 14:35:00+00:00 seller=annric]',3,'',9,3),(455,'2015-09-10 15:48:13.985463','201','Product [start_price=5.0 deadline=2015-09-11 15:48:00 seller=mastinux]',2,'Changed deadline_time.',9,3),(456,'2015-09-10 15:48:26.910980','209','Cassa audio [start_price=12.0 deadline=2015-09-11 15:48:00 seller=mastinux]',2,'Changed deadline_time.',9,3),(457,'2015-09-10 15:48:31.466911','194','Velvet chair [start_price=45.0 deadline=2015-09-11 15:48:00 seller=hasben]',2,'Changed deadline_time.',9,3),(458,'2015-09-10 15:48:36.675178','193','Hydra [start_price=1000.0 deadline=2015-09-11 15:48:00 seller=alecot]',2,'Changed deadline_time.',9,3),(459,'2015-09-10 15:48:42.054828','210','Maglia Italia [start_price=15.0 deadline=2015-09-11 15:48:00 seller=alecot]',2,'Changed deadline_time.',9,3),(460,'2015-09-10 15:48:47.164492','208','Altalena [start_price=38.0 deadline=2015-09-11 15:48:00 seller=alecot]',2,'Changed deadline_time.',9,3),(461,'2015-09-11 07:08:35.464098','200','Ray Ban [start_price=80.0 deadline=2015-09-11 07:08:00 seller=mastinux]',2,'Changed deadline_time.',9,3),(462,'2015-09-11 07:10:27.609073','202','Box [start_price=3.0 deadline=2015-09-11 07:10:00 seller=neuro17]',2,'Changed deadline_time.',9,3),(463,'2015-09-11 07:10:59.029921','204','Lampada [start_price=5.0 deadline=2015-09-11 07:10:00 seller=alecot]',2,'Changed deadline_time.',9,3),(464,'2015-09-11 07:11:46.857816','207','Pressa [start_price=99.0 deadline=2015-09-11 07:11:00 seller=fedfra]',2,'Changed deadline_time.',9,3),(465,'2015-09-11 07:12:03.749648','213','Mazza [start_price=0.01 deadline=2015-09-11 07:12:00 seller=hasben]',2,'Changed deadline_time.',9,3),(466,'2015-09-11 07:12:30.077809','206','Calendario [start_price=5.0 deadline=2015-09-11 07:12:00 seller=micfal]',2,'Changed deadline_time.',9,3),(467,'2015-09-11 07:13:00.786542','196','Product [start_price=56.0 deadline=2015-09-11 07:13:00 seller=matmau]',2,'Changed deadline_time.',9,3),(468,'2015-09-13 17:22:43.445538','195','Cavolfiore [start_price=1.0 deadline=2015-09-14 17:22:00 seller=matmau]',2,'Changed deadline_time.',9,3),(469,'2015-09-13 17:22:49.907230','194','Velvet chair [start_price=45.0 deadline=2015-09-14 17:22:00 seller=hasben]',2,'Changed deadline_time.',9,3),(470,'2015-09-13 17:22:56.375268','197','Product [start_price=4.0 deadline=2015-09-14 17:22:00 seller=micfal]',2,'Changed deadline_time.',9,3),(471,'2015-09-13 17:23:03.435451','201','Product [start_price=5.0 deadline=2015-09-15 17:23:00 seller=mastinux]',2,'Changed deadline_time.',9,3),(472,'2015-09-13 17:23:09.793182','205','Letto [start_price=56.0 deadline=2015-09-14 17:23:00 seller=hasben]',2,'Changed deadline_time.',9,3),(473,'2015-09-13 17:23:15.205355','209','Cassa audio [start_price=12.0 deadline=2015-09-14 17:23:00 seller=mastinux]',2,'Changed deadline_time.',9,3),(474,'2015-09-13 17:23:23.861785','196','Product [start_price=56.0 deadline=2015-09-14 17:23:00 seller=matmau]',2,'Changed deadline_time.',9,3),(475,'2015-09-17 07:24:01.757171','230','Coca Cola [start_price=2.0 deadline=2015-09-18 07:24:00 seller=alecot]',1,'',9,3),(476,'2015-09-17 07:29:39.196312','230','Coca Cola [start_price=2.0 deadline=2015-09-18 07:24:00+00:00 seller=alecot]',3,'',9,3),(477,'2015-09-17 07:54:06.518713','232','Valigia [start_price=4.0 deadline=2015-09-18 07:53:00+00:00 seller=auctionsuperuser]',3,'',9,3),(478,'2015-09-17 07:54:06.548838','231','Camicia [start_price=5.0 deadline=2015-09-18 07:45:00+00:00 seller=auctionsuperuser]',3,'',9,3);
/*!40000 ALTER TABLE `django_admin_log` ENABLE KEYS */;
UNLOCK TABLES;

--
-- Table structure for table `django_content_type`
--

DROP TABLE IF EXISTS `django_content_type`;
/*!40101 SET @saved_cs_client     = @@character_set_client */;
/*!40101 SET character_set_client = utf8 */;
CREATE TABLE `django_content_type` (
  `id` int(11) NOT NULL AUTO_INCREMENT,
  `app_label` varchar(100) NOT NULL,
  `model` varchar(100) NOT NULL,
  PRIMARY KEY (`id`),
  UNIQUE KEY `django_content_type_app_label_45f3b1d93ec8c61c_uniq` (`app_label`,`model`)
) ENGINE=InnoDB AUTO_INCREMENT=13 DEFAULT CHARSET=latin1;
/*!40101 SET character_set_client = @saved_cs_client */;

--
-- Dumping data for table `django_content_type`
--

LOCK TABLES `django_content_type` WRITE;
/*!40000 ALTER TABLE `django_content_type` DISABLE KEYS */;
INSERT INTO `django_content_type` VALUES (1,'admin','logentry'),(3,'auth','group'),(2,'auth','permission'),(4,'auth','user'),(10,'bidplacing','bid'),(8,'bidplacing','category'),(9,'bidplacing','product'),(5,'contenttypes','contenttype'),(12,'registration','registrationprofile'),(6,'sessions','session'),(11,'sites','site');
/*!40000 ALTER TABLE `django_content_type` ENABLE KEYS */;
UNLOCK TABLES;

--
-- Table structure for table `django_migrations`
--

DROP TABLE IF EXISTS `django_migrations`;
/*!40101 SET @saved_cs_client     = @@character_set_client */;
/*!40101 SET character_set_client = utf8 */;
CREATE TABLE `django_migrations` (
  `id` int(11) NOT NULL AUTO_INCREMENT,
  `app` varchar(255) NOT NULL,
  `name` varchar(255) NOT NULL,
  `applied` datetime(6) NOT NULL,
  PRIMARY KEY (`id`)
) ENGINE=InnoDB AUTO_INCREMENT=28 DEFAULT CHARSET=latin1;
/*!40101 SET character_set_client = @saved_cs_client */;

--
-- Dumping data for table `django_migrations`
--

LOCK TABLES `django_migrations` WRITE;
/*!40000 ALTER TABLE `django_migrations` DISABLE KEYS */;
INSERT INTO `django_migrations` VALUES (1,'contenttypes','0001_initial','2015-07-01 15:42:35.334065'),(2,'auth','0001_initial','2015-07-01 15:42:41.835556'),(3,'admin','0001_initial','2015-07-01 15:42:43.538124'),(4,'contenttypes','0002_remove_content_type_name','2015-07-01 15:42:44.671046'),(5,'auth','0002_alter_permission_name_max_length','2015-07-01 15:42:45.276416'),(6,'auth','0003_alter_user_email_max_length','2015-07-01 15:42:45.916490'),(7,'auth','0004_alter_user_username_opts','2015-07-01 15:42:45.965526'),(8,'auth','0005_alter_user_last_login_null','2015-07-01 15:42:46.510842'),(9,'auth','0006_require_contenttypes_0002','2015-07-01 15:42:46.544165'),(10,'bidplacing','0001_initial','2015-07-01 15:42:51.309689'),(11,'bidplacing','0002_auto_20150701_1541','2015-07-01 15:42:55.544127'),(12,'bidplacing','0003_auto_20150701_1542','2015-07-01 15:42:56.419282'),(13,'sessions','0001_initial','2015-07-01 15:42:56.946482'),(14,'bidplacing','0004_auto_20150701_1554','2015-07-01 15:54:36.172487'),(15,'bidplacing','0005_auto_20150701_1633','2015-07-01 16:33:13.992378'),(16,'bidplacing','0006_auto_20150704_1026','2015-07-04 10:26:30.353423'),(17,'bidplacing','0007_auto_20150716_1332','2015-07-16 13:32:21.805829'),(18,'bidplacing','0008_auto_20150716_1334','2015-07-16 13:34:10.671748'),(19,'bidplacing','0009_product_insertion_time','2015-07-16 15:20:43.691693'),(20,'bidplacing','0010_auto_20150716_1520','2015-07-16 15:20:43.790724'),(21,'bidplacing','0011_auto_20150717_1528','2015-07-17 15:28:11.827079'),(22,'registration','0001_initial','2015-07-19 07:45:13.128201'),(23,'sites','0001_initial','2015-07-19 07:45:13.409213'),(24,'bidplacing','0012_product_product_picture','2015-07-26 08:48:00.604710'),(25,'bidplacing','0013_auto_20150726_1245','2015-07-26 12:45:56.706652'),(26,'bidplacing','0013_auto_20150909_1459','2015-09-09 14:59:27.396951'),(27,'bidplacing','0014_product_object_type','2015-09-14 07:53:06.624828');
/*!40000 ALTER TABLE `django_migrations` ENABLE KEYS */;
UNLOCK TABLES;

--
-- Table structure for table `django_session`
--

DROP TABLE IF EXISTS `django_session`;
/*!40101 SET @saved_cs_client     = @@character_set_client */;
/*!40101 SET character_set_client = utf8 */;
CREATE TABLE `django_session` (
  `session_key` varchar(40) NOT NULL,
  `session_data` longtext NOT NULL,
  `expire_date` datetime(6) NOT NULL,
  PRIMARY KEY (`session_key`),
  KEY `django_session_de54fa62` (`expire_date`)
) ENGINE=InnoDB DEFAULT CHARSET=latin1;
/*!40101 SET character_set_client = @saved_cs_client */;

--
-- Dumping data for table `django_session`
--

LOCK TABLES `django_session` WRITE;
/*!40000 ALTER TABLE `django_session` DISABLE KEYS */;
INSERT INTO `django_session` VALUES ('1tq4wruzq66rx22t7e1oem7eq4onzkqc','MGNlMTcyZjI0ZDcxOWMxMmEwM2FlOGIyYWI1NDViMjlkYjIzYTYzMDp7Il9hdXRoX3VzZXJfaGFzaCI6ImM3MjYzMmIwMDFiYmVhNzdjYWJkMTIwM2M2ZGU1YmE1MjUzODhlNzUiLCJfYXV0aF91c2VyX2JhY2tlbmQiOiJkamFuZ28uY29udHJpYi5hdXRoLmJhY2tlbmRzLk1vZGVsQmFja2VuZCIsIl9hdXRoX3VzZXJfaWQiOiI0In0=','2015-09-23 15:02:03.184378'),('4gpe1kotfow3d889y5m72dhdwfqf8mvb','N2E0MmIyZDc1Mjk2NmJjZDMwNDMyYTRkZjNlNjc3YTI3NThmZDg1Nzp7Il9hdXRoX3VzZXJfaGFzaCI6ImRmYzA1MjE4YzMwNDk1Yzk1MjdlMDdiYzQ1ZTZkYWU5ZWE2MTc3ZWUiLCJfYXV0aF91c2VyX2JhY2tlbmQiOiJkamFuZ28uY29udHJpYi5hdXRoLmJhY2tlbmRzLk1vZGVsQmFja2VuZCIsIl9hdXRoX3VzZXJfaWQiOiIzIn0=','2015-10-01 08:00:08.399980'),('80mmsin46tr45uhhii4dpppemei1m1bv','N2E0MmIyZDc1Mjk2NmJjZDMwNDMyYTRkZjNlNjc3YTI3NThmZDg1Nzp7Il9hdXRoX3VzZXJfaGFzaCI6ImRmYzA1MjE4YzMwNDk1Yzk1MjdlMDdiYzQ1ZTZkYWU5ZWE2MTc3ZWUiLCJfYXV0aF91c2VyX2JhY2tlbmQiOiJkamFuZ28uY29udHJpYi5hdXRoLmJhY2tlbmRzLk1vZGVsQmFja2VuZCIsIl9hdXRoX3VzZXJfaWQiOiIzIn0=','2015-08-04 08:04:04.592988'),('afi3ftnpoq4yjow0m5hc1nzz0uzl78mq','N2E0MmIyZDc1Mjk2NmJjZDMwNDMyYTRkZjNlNjc3YTI3NThmZDg1Nzp7Il9hdXRoX3VzZXJfaGFzaCI6ImRmYzA1MjE4YzMwNDk1Yzk1MjdlMDdiYzQ1ZTZkYWU5ZWE2MTc3ZWUiLCJfYXV0aF91c2VyX2JhY2tlbmQiOiJkamFuZ28uY29udHJpYi5hdXRoLmJhY2tlbmRzLk1vZGVsQmFja2VuZCIsIl9hdXRoX3VzZXJfaWQiOiIzIn0=','2015-08-06 15:59:46.141187'),('ax5kis49iykz67m90wrv9q0fqxnb01g9','ODIzMjI2NTRhZjUxNWZiMTA1ODY5NjdlNGJhNTA4ZmIwNmQzMWM4ODp7Il9hdXRoX3VzZXJfaGFzaCI6ImVhZmEwOWYwZjg2NTc3ZjNlNjNkNjYyZDU2N2Y0N2M4YTkzZTZlMGIiLCJfYXV0aF91c2VyX2JhY2tlbmQiOiJkamFuZ28uY29udHJpYi5hdXRoLmJhY2tlbmRzLk1vZGVsQmFja2VuZCIsIl9hdXRoX3VzZXJfaWQiOiI4In0=','2015-09-25 07:41:20.758171'),('hyrk88yl8yorv7pi6brqvkyabrjwehzs','N2E0MmIyZDc1Mjk2NmJjZDMwNDMyYTRkZjNlNjc3YTI3NThmZDg1Nzp7Il9hdXRoX3VzZXJfaGFzaCI6ImRmYzA1MjE4YzMwNDk1Yzk1MjdlMDdiYzQ1ZTZkYWU5ZWE2MTc3ZWUiLCJfYXV0aF91c2VyX2JhY2tlbmQiOiJkamFuZ28uY29udHJpYi5hdXRoLmJhY2tlbmRzLk1vZGVsQmFja2VuZCIsIl9hdXRoX3VzZXJfaWQiOiIzIn0=','2015-07-18 09:04:35.003981'),('svs1py8e8r6khtk84yee9jjrlyb4ph4z','ODIzMjI2NTRhZjUxNWZiMTA1ODY5NjdlNGJhNTA4ZmIwNmQzMWM4ODp7Il9hdXRoX3VzZXJfaGFzaCI6ImVhZmEwOWYwZjg2NTc3ZjNlNjNkNjYyZDU2N2Y0N2M4YTkzZTZlMGIiLCJfYXV0aF91c2VyX2JhY2tlbmQiOiJkamFuZ28uY29udHJpYi5hdXRoLmJhY2tlbmRzLk1vZGVsQmFja2VuZCIsIl9hdXRoX3VzZXJfaWQiOiI4In0=','2015-08-10 14:41:45.211642'),('uy7otvhi9fd27pwybkacaori73o98z03','ZjMzYTQ3YjAzYmEzYTY5MzU0ZTA4MjE2ZGY4OWFiYTljZWNhM2E0Yzp7Im1lc3NhZ2UiOiJUbyBiaWQgcmVnaXN0ZXIgb3IgbG9nLWluLCBwbGVhc2UifQ==','2015-09-24 14:30:45.014451');
/*!40000 ALTER TABLE `django_session` ENABLE KEYS */;
UNLOCK TABLES;

--
-- Table structure for table `django_site`
--

DROP TABLE IF EXISTS `django_site`;
/*!40101 SET @saved_cs_client     = @@character_set_client */;
/*!40101 SET character_set_client = utf8 */;
CREATE TABLE `django_site` (
  `id` int(11) NOT NULL AUTO_INCREMENT,
  `domain` varchar(100) NOT NULL,
  `name` varchar(50) NOT NULL,
  PRIMARY KEY (`id`)
) ENGINE=InnoDB AUTO_INCREMENT=2 DEFAULT CHARSET=latin1;
/*!40101 SET character_set_client = @saved_cs_client */;

--
-- Dumping data for table `django_site`
--

LOCK TABLES `django_site` WRITE;
/*!40000 ALTER TABLE `django_site` DISABLE KEYS */;
INSERT INTO `django_site` VALUES (1,'localhost:8000','localhost:8000');
/*!40000 ALTER TABLE `django_site` ENABLE KEYS */;
UNLOCK TABLES;

--
-- Table structure for table `registration_registrationprofile`
--

DROP TABLE IF EXISTS `registration_registrationprofile`;
/*!40101 SET @saved_cs_client     = @@character_set_client */;
/*!40101 SET character_set_client = utf8 */;
CREATE TABLE `registration_registrationprofile` (
  `id` int(11) NOT NULL AUTO_INCREMENT,
  `activation_key` varchar(40) NOT NULL,
  `user_id` int(11) NOT NULL,
  PRIMARY KEY (`id`),
  UNIQUE KEY `user_id` (`user_id`),
  CONSTRAINT `registration_registratio_user_id_e84782b3f7685bb_fk_auth_user_id` FOREIGN KEY (`user_id`) REFERENCES `auth_user` (`id`)
) ENGINE=InnoDB AUTO_INCREMENT=2 DEFAULT CHARSET=latin1;
/*!40101 SET character_set_client = @saved_cs_client */;

--
-- Dumping data for table `registration_registrationprofile`
--

LOCK TABLES `registration_registrationprofile` WRITE;
/*!40000 ALTER TABLE `registration_registrationprofile` DISABLE KEYS */;
INSERT INTO `registration_registrationprofile` VALUES (1,'ALREADY_ACTIVATED',9);
/*!40000 ALTER TABLE `registration_registrationprofile` ENABLE KEYS */;
UNLOCK TABLES;
/*!40103 SET TIME_ZONE=@OLD_TIME_ZONE */;

/*!40101 SET SQL_MODE=@OLD_SQL_MODE */;
/*!40014 SET FOREIGN_KEY_CHECKS=@OLD_FOREIGN_KEY_CHECKS */;
/*!40014 SET UNIQUE_CHECKS=@OLD_UNIQUE_CHECKS */;
/*!40101 SET CHARACTER_SET_CLIENT=@OLD_CHARACTER_SET_CLIENT */;
/*!40101 SET CHARACTER_SET_RESULTS=@OLD_CHARACTER_SET_RESULTS */;
/*!40101 SET COLLATION_CONNECTION=@OLD_COLLATION_CONNECTION */;
/*!40111 SET SQL_NOTES=@OLD_SQL_NOTES */;

-- Dump completed on 2015-09-17 10:29:17
